,Date,BMU_ID,_id,_full_text,MW
0,2020-02-27T00:00:00,EARBW-1,932,"'-02':4 '-1':2 '-27':5 '00':7,8 '2020':3 '35':9 'earbw':1 't00':6",35
1,2020-02-27T00:00:00,EAAO-2,919,"'-02':4 '-2':2 '-27':5 '0':9 '00':7,8 '2020':3 'eaao':1 't00':6",0
2,2020-02-27T00:00:00,CAIRW-1,477,"'-02':4 '-1':2 '-27':5 '00':7,8 '2020':3 '51':9 'cairw':1 't00':6",51
3,2020-02-27T00:00:00,WLNYO-3,2258,"'-02':4 '-27':5 '-3':2 '00':7,8 '2020':3 '330':9 't00':6 'wlnyo':1",330
4,2020-02-27T00:00:00,EAAO-1,906,"'-02':4 '-1':2 '-27':5 '00':7,8 '2020':3 '305':9 'eaao':1 't00':6",305
5,2020-02-27T00:00:00,DUNGW-1,893,"'-02':4 '-1':2 '-27':5 '00':7,8 '2020':3 '94':9 'dungw':1 't00':6",94
6,2020-02-27T00:00:00,DUMMW-1,880,"'-02':4 '-1':2 '-27':5 '00':7,8 '10':9 '2020':3 'dummw':1 't00':6",10
7,2020-02-27T00:00:00,CAIRW-2,490,"'-02':4 '-2':2 '-27':5 '00':7,8 '2020':3 '42':9 'cairw':1 't00':6",42
8,2020-02-27T00:00:00,STRNW-1,2037,"'-02':4 '-1':2 '-27':5 '00':7,8 '2020':3 '67':9 'strnw':1 't00':6",67
9,2020-02-27T00:00:00,DRSLW-1,867,"'-02':4 '-1':2 '-27':5 '00':7,8 '2020':3 '69':9 'drslw':1 't00':6",69
10,2020-02-27T00:00:00,DRDGW-1,854,"'-02':4 '-1':2 '-27':5 '00':7,8 '2020':3 '32':9 'drdgw':1 't00':6",32
11,2020-02-27T00:00:00,DOREW-2,841,"'-02':4 '-2':2 '-27':5 '00':7,8 '2020':3 '81':9 'dorew':1 't00':6",81
12,2020-02-27T00:00:00,CAUSW-1,503,"'-02':4 '-1':2 '-27':5 '00':7,8 '2020':3 '48':9 'causw':1 't00':6",48
13,2020-02-27T00:00:00,STPSW-1,2024,"'-02':4 '-1':2 '-27':5 '0':9 '00':7,8 '2020':3 'stpsw':1 't00':6",0
14,2020-02-27T00:00:00,DOREW-1,828,"'-02':4 '-1':2 '-27':5 '00':7,8 '2020':3 '96':9 'dorew':1 't00':6",96
15,2020-02-27T00:00:00,DNLWW-1,815,"'-02':4 '-1':2 '-27':5 '00':7,8 '2020':3 '30':9 'dnlww':1 't00':6",30
16,2020-02-27T00:00:00,DEUCW-1,802,"'-02':4 '-1':2 '-27':5 '00':7,8 '15':9 '2020':3 'deucw':1 't00':6",15
17,2020-02-27T00:00:00,CDWTW-1,516,"'-02':4 '-1':2 '-27':5 '00':7,8 '2020':3 '32':9 'cdwtw':1 't00':6",32
18,2020-02-27T00:00:00,STLGW-3,2011,"'-02':4 '-27':5 '-3':2 '0':9 '00':7,8 '2020':3 'stlgw':1 't00':6",0
19,2020-02-27T00:00:00,DDGNO-4,789,"'-02':4 '-27':5 '-4':2 '00':7,8 '102':9 '2020':3 'ddgno':1 't00':6",102
20,2020-02-27T00:00:00,DDGNO-3,776,"'-02':4 '-27':5 '-3':2 '00':7,8 '102':9 '2020':3 'ddgno':1 't00':6",102
21,2020-02-27T00:00:00,DDGNO-2,763,"'-02':4 '-2':2 '-27':5 '00':7,8 '2020':3 '90':9 'ddgno':1 't00':6",90
22,2020-02-27T00:00:00,CGTHW-1,529,"'-02':4 '-1':2 '-27':5 '00':7,8 '2020':3 '35':9 'cgthw':1 't00':6",35
23,2020-02-27T00:00:00,AKGLW-2,113,"'-02':4 '-2':2 '-27':5 '00':7,8 '2020':3 '70':9 'akglw':1 't00':6",70
24,2020-02-27T00:00:00,DDGNO-1,750,"'-02':4 '-1':2 '-27':5 '00':7,8 '108':9 '2020':3 'ddgno':1 't00':6",108
25,2020-02-27T00:00:00,DALSW-1,737,"'-02':4 '-1':2 '-27':5 '00':7,8 '2020':3 '30':9 'dalsw':1 't00':6",30
26,2020-02-27T00:00:00,CRYRW-3,724,"'-02':4 '-27':5 '-3':2 '00':7,8 '14':9 '2020':3 'cryrw':1 't00':6",14
27,2020-02-27T00:00:00,CLDCW-1,542,"'-02':4 '-1':2 '-27':5 '00':7,8 '187':9 '2020':3 'cldcw':1 't00':6",187
28,2020-02-27T00:00:00,WLNYO-2,2245,"'-02':4 '-2':2 '-27':5 '00':7,8 '183':9 '2020':3 't00':6 'wlnyo':1",183
29,2020-02-27T00:00:00,CRYRW-2,711,"'-02':4 '-2':2 '-27':5 '00':7,8 '138':9 '2020':3 'cryrw':1 't00':6",138
30,2020-02-27T00:00:00,CRYRW-1,698,"'-02':4 '-1':2 '-27':5 '00':7,8 '2020':3 '62':9 'cryrw':1 't00':6",62
31,2020-02-27T00:00:00,CRMNW-1,685,"'-02':4 '-1':2 '-27':5 '00':7,8 '11':9 '2020':3 'crmnw':1 't00':6",11
32,2020-02-27T00:00:00,CLDNW-1,555,"'-02':4 '-1':2 '-27':5 '00':7,8 '187':9 '2020':3 'cldnw':1 't00':6",187
33,2020-02-27T00:00:00,STLGW-2,1998,"'-02':4 '-2':2 '-27':5 '0':9 '00':7,8 '2020':3 'stlgw':1 't00':6",0
34,2020-02-27T00:00:00,CRMLW-1,672,"'-02':4 '-1':2 '-27':5 '00':7,8 '2020':3 '48':9 'crmlw':1 't00':6",48
35,2020-02-27T00:00:00,CRMHW-1,659,"'-02':4 '-1':2 '-27':5 '00':7,8 '2020':3 '30':9 'crmhw':1 't00':6",30
36,2020-02-27T00:00:00,CRGHW-1,646,"'-02':4 '-1':2 '-27':5 '00':7,8 '2020':3 '46':9 'crghw':1 't00':6",46
37,2020-02-27T00:00:00,CLDRW-1,568,"'-02':4 '-1':2 '-27':5 '0':9 '00':7,8 '2020':3 'cldrw':1 't00':6",0
38,2020-02-27T00:00:00,STLGW-1,1985,"'-02':4 '-1':2 '-27':5 '0':9 '00':7,8 '2020':3 'stlgw':1 't00':6",0
39,2020-02-27T00:00:00,COUWW-1,633,"'-02':4 '-1':2 '-27':5 '00':7,8 '2020':3 '21':9 'couww':1 't00':6",21
40,2020-02-27T00:00:00,CNCLW-1,620,"'-02':4 '-1':2 '-27':5 '00':7,8 '2020':3 '30':9 'cnclw':1 't00':6",30
41,2020-02-27T00:00:00,CMSTW-1,607,"'-02':4 '-1':2 '-27':5 '00':7,8 '2020':3 '50':9 'cmstw':1 't00':6",50
42,2020-02-27T00:00:00,CLDSW-1,581,"'-02':4 '-1':2 '-27':5 '00':7,8 '128':9 '2020':3 'cldsw':1 't00':6",128
43,2020-02-27T00:00:00,SHRSO-2,1972,"'-02':4 '-2':2 '-27':5 '00':7,8 '158':9 '2020':3 'shrso':1 't00':6",158
44,2020-02-27T00:00:00,CLFLW-1,594,"'-02':4 '-1':2 '-27':5 '00':7,8 '15':9 '2020':3 'clflw':1 't00':6",15
45,2020-02-27T00:00:00,ANSUW-1,126,"'-02':4 '-1':2 '-27':5 '0':9 '00':7,8 '2020':3 'ansuw':1 't00':6",0
46,2020-02-27T00:00:00,ACHLW-1,35,"'-02':4 '-1':2 '-27':5 '0':9 '00':7,8 '2020':3 'achlw':1 't00':6",0
47,2020-02-27T00:00:00,SHRSO-1,1959,"'-02':4 '-1':2 '-27':5 '00':7,8 '158':9 '2020':3 'shrso':1 't00':6",158
48,2020-02-27T00:00:00,SANQW-1,1946,"'-02':4 '-1':2 '-27':5 '00':7,8 '2020':3 '32':9 'sanqw':1 't00':6",32
49,2020-02-27T00:00:00,RSHLW-1,1933,"'-02':4 '-1':2 '-27':5 '00':7,8 '2020':3 '24':9 'rshlw':1 't00':6",24
50,2020-02-27T00:00:00,ARCHW-1,139,"'-02':4 '-1':2 '-27':5 '00':7,8 '114':9 '2020':3 'archw':1 't00':6",114
51,2020-02-27T00:00:00,WTGRW-1,2297,"'-02':4 '-1':2 '-27':5 '0':9 '00':7,8 '2020':3 't00':6 'wtgrw':1",0
52,2020-02-27T00:00:00,RRWW-1,1920,"'-02':4 '-1':2 '-27':5 '00':7,8 '2020':3 '90':9 'rrww':1 't00':6",90
53,2020-02-27T00:00:00,RREW-1,1907,"'-02':4 '-1':2 '-27':5 '00':7,8 '2020':3 '84':9 'rrew':1 't00':6",84
54,2020-02-27T00:00:00,RMPNO-2,1894,"'-02':4 '-2':2 '-27':5 '00':7,8 '200':9 '2020':3 'rmpno':1 't00':6",200
55,2020-02-27T00:00:00,ASHWW-1,152,"'-02':4 '-1':2 '-27':5 '00':7,8 '2020':3 '35':9 'ashww':1 't00':6",35
56,2020-02-27T00:00:00,WISTW-2,2232,"'-02':4 '-2':2 '-27':5 '00':7,8 '2020':3 '62':9 't00':6 'wistw':1",62
57,2020-02-27T00:00:00,RMPNO-1,1881,"'-02':4 '-1':2 '-27':5 '00':7,8 '200':9 '2020':3 'rmpno':1 't00':6",200
58,2020-02-27T00:00:00,RCBKO-2,1868,"'-02':4 '-2':2 '-27':5 '00':7,8 '2020':3 '286':9 'rcbko':1 't00':6",286
59,2020-02-27T00:00:00,RCBKO-1,1855,"'-02':4 '-1':2 '-27':5 '00':7,8 '2020':3 '279':9 'rcbko':1 't00':6",279
60,2020-02-27T00:00:00,BABAW-1,165,"'-02':4 '-1':2 '-27':5 '00':7,8 '2020':3 '53':9 'babaw':1 't00':6",53
61,2020-02-27T00:00:00,WHILW-2,2219,"'-02':4 '-2':2 '-27':5 '00':7,8 '2020':3 '206':9 't00':6 'whilw':1",206
62,2020-02-27T00:00:00,PTLDW-1,1842,"'-02':4 '-1':2 '-27':5 '00':7,8 '13':9 '2020':3 'ptldw':1 't00':6",13
63,2020-02-27T00:00:00,PNYCW-1,1829,"'-02':4 '-1':2 '-27':5 '00':7,8 '2020':3 '228':9 'pnycw':1 't00':6",228
64,2020-02-27T00:00:00,PGBIW-1,1816,"'-02':4 '-1':2 '-27':5 '0':9 '00':7,8 '2020':3 'pgbiw':1 't00':6",0
65,2020-02-27T00:00:00,BDCHW-1,178,"'-02':4 '-1':2 '-27':5 '00':7,8 '2020':3 '25':9 'bdchw':1 't00':6",25
66,2020-02-27T00:00:00,WHILW-1,2206,"'-02':4 '-1':2 '-27':5 '00':7,8 '2020':3 '305':9 't00':6 'whilw':1",305
67,2020-02-27T00:00:00,PAUHW-1,1803,"'-02':4 '-1':2 '-27':5 '00':7,8 '2020':3 '65':9 'pauhw':1 't00':6",65
68,2020-02-27T00:00:00,OMNDO-1,1790,"'-02':4 '-1':2 '-27':5 '00':7,8 '150':9 '2020':3 'omndo':1 't00':6",150
69,2020-02-27T00:00:00,NOVAW-2,1777,"'-02':4 '-2':2 '-27':5 '00':7,8 '2020':3 '37':9 'novaw':1 't00':6",37
70,2020-02-27T00:00:00,BEATO-1,191,"'-02':4 '-1':2 '-27':5 '00':7,8 '126':9 '2020':3 'beato':1 't00':6",126
71,2020-02-27T00:00:00,ACHRW-1,48,"'-02':4 '-1':2 '-27':5 '00':7,8 '2020':3 '43':9 'achrw':1 't00':6",43
72,2020-02-27T00:00:00,NOVAW-1,1764,"'-02':4 '-1':2 '-27':5 '00':7,8 '17':9 '2020':3 'novaw':1 't00':6",17
73,2020-02-27T00:00:00,MYGPW-1,1751,"'-02':4 '-1':2 '-27':5 '00':7,8 '2020':3 '25':9 'mygpw':1 't00':6",25
74,2020-02-27T00:00:00,MOYEW-1,1738,"'-02':4 '-1':2 '-27':5 '00':7,8 '2020':3 '45':9 'moyew':1 't00':6",45
75,2020-02-27T00:00:00,BEATO-2,204,"'-02':4 '-2':2 '-27':5 '00':7,8 '126':9 '2020':3 'beato':1 't00':6",126
76,2020-02-27T00:00:00,WLNYW-1,2284,"'-02':4 '-1':2 '-27':5 '00':7,8 '183':9 '2020':3 't00':6 'wlnyw':1",183
77,2020-02-27T00:00:00,MKHLW-1,1725,"'-02':4 '-1':2 '-27':5 '00':7,8 '2020':3 '53':9 'mkhlw':1 't00':6",53
78,2020-02-27T00:00:00,MINSW-1,1712,"'-02':4 '-1':2 '-27':5 '00':7,8 '2020':3 '37':9 'minsw':1 't00':6",37
79,2020-02-27T00:00:00,MILWW-1,1699,"'-02':4 '-1':2 '-27':5 '00':7,8 '2020':3 '65':9 'milww':1 't00':6",65
80,2020-02-27T00:00:00,BEATO-3,217,"'-02':4 '-27':5 '-3':2 '00':7,8 '168':9 '2020':3 'beato':1 't00':6",168
81,2020-02-27T00:00:00,WHIHW-1,2193,"'-02':4 '-1':2 '-27':5 '00':7,8 '2020':3 '27':9 't00':6 'whihw':1",27
82,2020-02-27T00:00:00,MIDMW-1,1686,"'-02':4 '-1':2 '-27':5 '00':7,8 '2020':3 '51':9 'midmw':1 't00':6",51
83,2020-02-27T00:00:00,MDHLW-1,1673,"'-02':4 '-1':2 '-27':5 '00':7,8 '2020':3 '76':9 'mdhlw':1 't00':6",76
84,2020-02-27T00:00:00,LNCSO-2,1660,"'-02':4 '-2':2 '-27':5 '00':7,8 '140':9 '2020':3 'lncso':1 't00':6",140
85,2020-02-27T00:00:00,BEATO-4,230,"'-02':4 '-27':5 '-4':2 '00':7,8 '168':9 '2020':3 'beato':1 't00':6",168
86,2020-02-27T00:00:00,WDNSO-2,2180,"'-02':4 '-2':2 '-27':5 '00':7,8 '191':9 '2020':3 't00':6 'wdnso':1",191
87,2020-02-27T00:00:00,LNCSO-1,1647,"'-02':4 '-1':2 '-27':5 '00':7,8 '130':9 '2020':3 'lncso':1 't00':6",130
88,2020-02-27T00:00:00,LGPKW-1,1634,"'-02':4 '-1':2 '-27':5 '00':7,8 '2020':3 '38':9 'lgpkw':1 't00':6",38
89,2020-02-27T00:00:00,LCLTW-1,1621,"'-02':4 '-1':2 '-27':5 '00':7,8 '2020':3 '69':9 'lcltw':1 't00':6",69
90,2020-02-27T00:00:00,BEINW-1,243,"'-02':4 '-1':2 '-27':5 '00':7,8 '109':9 '2020':3 'beinw':1 't00':6",109
91,2020-02-27T00:00:00,WDNSO-1,2167,"'-02':4 '-1':2 '-27':5 '00':7,8 '191':9 '2020':3 't00':6 'wdnso':1",191
92,2020-02-27T00:00:00,LARYO-4,1608,"'-02':4 '-27':5 '-4':2 '00':7,8 '158':9 '2020':3 'laryo':1 't00':6",158
93,2020-02-27T00:00:00,LARYO-3,1595,"'-02':4 '-27':5 '-3':2 '00':7,8 '158':9 '2020':3 'laryo':1 't00':6",158
94,2020-02-27T00:00:00,LARYO-2,1582,"'-02':4 '-2':2 '-27':5 '00':7,8 '158':9 '2020':3 'laryo':1 't00':6",158
95,2020-02-27T00:00:00,BETHW-1,256,"'-02':4 '-1':2 '-27':5 '00':7,8 '2020':3 '30':9 'bethw':1 't00':6",30
96,2020-02-27T00:00:00,ACHYW-1,61,"'-02':4 '-1':2 '-27':5 '00':7,8 '2020':3 '38':9 'achyw':1 't00':6",38
97,2020-02-27T00:00:00,LARYO-1,1569,"'-02':4 '-1':2 '-27':5 '00':7,8 '154':9 '2020':3 'laryo':1 't00':6",154
98,2020-02-27T00:00:00,KTHLW-1,1556,"'-02':4 '-1':2 '-27':5 '0':9 '00':7,8 '2020':3 'kthlw':1 't00':6",0
99,2020-02-27T00:00:00,KPMRW-1,1543,"'-02':4 '-1':2 '-27':5 '00':7,8 '2020':3 '88':9 'kpmrw':1 't00':6",88
100,2020-02-27T00:00:00,BGLAW-1,269,"'-02':4 '-1':2 '-27':5 '00':7,8 '2020':3 '8':9 'bglaw':1 't00':6",8
101,2020-02-27T00:00:00,ABRTW-1,22,"'-02':4 '-1':2 '-27':5 '00':7,8 '2020':3 '36':9 'abrtw':1 't00':6",36
102,2020-02-27T00:00:00,KLGLW-1,1530,"'-02':4 '-1':2 '-27':5 '00':7,8 '2020':3 '228':9 'klglw':1 't00':6",228
103,2020-02-27T00:00:00,KLDMW-1,1517,"'-02':4 '-1':2 '-27':5 '00':7,8 '18':9 '2020':3 'kldmw':1 't00':6",18
104,2020-02-27T00:00:00,KINCW-1,1504,"'-02':4 '-1':2 '-27':5 '0':9 '00':7,8 '2020':3 'kincw':1 't00':6",0
105,2020-02-27T00:00:00,BHLAW-1,282,"'-02':4 '-1':2 '-27':5 '00':7,8 '108':9 '2020':3 'bhlaw':1 't00':6",108
106,2020-02-27T00:00:00,TULWW-2,2154,"'-02':4 '-2':2 '-27':5 '00':7,8 '2020':3 '25':9 't00':6 'tulww':1",25
107,2020-02-27T00:00:00,KILBW-1,1491,"'-02':4 '-1':2 '-27':5 '00':7,8 '2020':3 '67':9 'kilbw':1 't00':6",67
108,2020-02-27T00:00:00,HYWDW-1,1478,"'-02':4 '-1':2 '-27':5 '00':7,8 '2020':3 '24':9 'hywdw':1 't00':6",24
109,2020-02-27T00:00:00,HRSTW-1,1465,"'-02':4 '-1':2 '-27':5 '00':7,8 '125':9 '2020':3 'hrstw':1 't00':6",125
110,2020-02-27T00:00:00,BLKWW-1,295,"'-02':4 '-1':2 '-27':5 '00':7,8 '2020':3 '53':9 'blkww':1 't00':6",53
111,2020-02-27T00:00:00,ABRBO-1,9,"'-02':4 '-1':2 '-27':5 '0':9 '00':7,8 '2020':3 'abrbo':1 't00':6",0
112,2020-02-27T00:00:00,HRHLW-1,1452,"'-02':4 '-1':2 '-27':5 '00':7,8 '2020':3 '30':9 'hrhlw':1 't00':6",30
113,2020-02-27T00:00:00,HOWAO-3,1439,"'-02':4 '-27':5 '-3':2 '00':7,8 '2020':3 '301':9 'howao':1 't00':6",301
114,2020-02-27T00:00:00,HOWAO-2,1426,"'-02':4 '-2':2 '-27':5 '00':7,8 '2020':3 '400':9 'howao':1 't00':6",400
115,2020-02-27T00:00:00,BLLA-1,308,"'-02':4 '-1':2 '-27':5 '00':7,8 '118':9 '2020':3 'blla':1 't00':6",118
116,2020-02-27T00:00:00,TULWW-1,2141,"'-02':4 '-1':2 '-27':5 '00':7,8 '17':9 '2020':3 't00':6 'tulww':1",17
117,2020-02-27T00:00:00,HOWAO-1,1413,"'-02':4 '-1':2 '-27':5 '00':7,8 '2020':3 '400':9 'howao':1 't00':6",400
118,2020-02-27T00:00:00,HMGTO-2,1400,"'-02':4 '-2':2 '-27':5 '00':7,8 '111':9 '2020':3 'hmgto':1 't00':6",111
119,2020-02-27T00:00:00,HMGTO-1,1387,"'-02':4 '-1':2 '-27':5 '00':7,8 '108':9 '2020':3 'hmgto':1 't00':6",108
120,2020-02-27T00:00:00,BLLA-2,321,"'-02':4 '-2':2 '-27':5 '00':7,8 '2020':3 '60':9 'blla':1 't00':6",60
121,2020-02-27T00:00:00,TMWLW-1,2128,"'-02':4 '-1':2 '-27':5 '00':7,8 '16':9 '2020':3 't00':6 'tmwlw':1",16
122,2020-02-27T00:00:00,HLTWW-1,1374,"'-02':4 '-1':2 '-27':5 '00':7,8 '2020':3 '48':9 'hltww':1 't00':6",48
123,2020-02-27T00:00:00,HLGLW-1,1361,"'-02':4 '-1':2 '-27':5 '00':7,8 '2020':3 '27':9 'hlglw':1 't00':6",27
124,2020-02-27T00:00:00,HBHDW-1,1348,"'-02':4 '-1':2 '-27':5 '00':7,8 '2020':3 '52':9 'hbhdw':1 't00':6",52
125,2020-02-27T00:00:00,BNAKW-1,334,"'-02':4 '-1':2 '-27':5 '00':7,8 '2020':3 '28':9 'bnakw':1 't00':6",28
126,2020-02-27T00:00:00,AFTOW-1,74,"'-02':4 '-1':2 '-27':5 '00':7,8 '2020':3 '50':9 'aftow':1 't00':6",50
127,2020-02-27T00:00:00,HAWFW-1,1335,"'-02':4 '-1':2 '-27':5 '00':7,8 '15':9 '2020':3 'hawfw':1 't00':6",15
128,2020-02-27T00:00:00,HADHW-1,1322,"'-02':4 '-1':2 '-27':5 '00':7,8 '2020':3 '99':9 'hadhw':1 't00':6",99
129,2020-02-27T00:00:00,GYMRO-28,1309,"'-02':4 '-27':5 '-28':2 '00':7,8 '144':9 '2020':3 'gymro':1 't00':6",144
130,2020-02-27T00:00:00,BNWKW-1,347,"'-02':4 '-1':2 '-27':5 '00':7,8 '15':9 '2020':3 'bnwkw':1 't00':6",15
131,2020-02-27T00:00:00,WTMSO-1,2310,"'-02':4 '-1':2 '-27':5 '00':7,8 '2020':3 '206':9 't00':6 'wtmso':1",206
132,2020-02-27T00:00:00,GYMRO-26,1296,"'-02':4 '-26':2 '-27':5 '00':7,8 '140':9 '2020':3 'gymro':1 't00':6",140
133,2020-02-27T00:00:00,GYMRO-17,1283,"'-02':4 '-17':2 '-27':5 '00':7,8 '138':9 '2020':3 'gymro':1 't00':6",138
134,2020-02-27T00:00:00,GYMRO-15,1270,"'-02':4 '-15':2 '-27':5 '00':7,8 '140':9 '2020':3 'gymro':1 't00':6",140
135,2020-02-27T00:00:00,BOULW-1,360,"'-02':4 '-1':2 '-27':5 '00':7,8 '14':9 '2020':3 'boulw':1 't00':6",14
136,2020-02-27T00:00:00,TMNCW-1,2115,"'-02':4 '-1':2 '-27':5 '00':7,8 '2020':3 '39':9 't00':6 'tmncw':1",39
137,2020-02-27T00:00:00,GRIFW-2,1257,"'-02':4 '-2':2 '-27':5 '00':7,8 '2020':3 '95':9 'grifw':1 't00':6",95
138,2020-02-27T00:00:00,GRIFW-1,1244,"'-02':4 '-1':2 '-27':5 '00':7,8 '2020':3 '95':9 'grifw':1 't00':6",95
139,2020-02-27T00:00:00,GRGBW-3,1231,"'-02':4 '-27':5 '-3':2 '00':7,8 '165':9 '2020':3 'grgbw':1 't00':6",165
140,2020-02-27T00:00:00,BOWLW-1,373,"'-02':4 '-1':2 '-27':5 '00':7,8 '2020':3 '90':9 'bowlw':1 't00':6",90
141,2020-02-27T00:00:00,TLYMW-1,2102,"'-02':4 '-1':2 '-27':5 '0':9 '00':7,8 '2020':3 't00':6 'tlymw':1",0
142,2020-02-27T00:00:00,GRGBW-2,1218,"'-02':4 '-2':2 '-27':5 '00':7,8 '165':9 '2020':3 'grgbw':1 't00':6",165
143,2020-02-27T00:00:00,GRGBW-1,1205,"'-02':4 '-1':2 '-27':5 '00':7,8 '165':9 '2020':3 'grgbw':1 't00':6",165
144,2020-02-27T00:00:00,GORDW-1,1192,"'-02':4 '-1':2 '-27':5 '00':7,8 '2020':3 '70':9 'gordw':1 't00':6",70
145,2020-02-27T00:00:00,BOYNW-1,386,"'-02':4 '-1':2 '-27':5 '00':7,8 '16':9 '2020':3 'boynw':1 't00':6",16
146,2020-02-27T00:00:00,THNTO-2,2089,"'-02':4 '-2':2 '-27':5 '00':7,8 '150':9 '2020':3 't00':6 'thnto':1",150
147,2020-02-27T00:00:00,GNFSW-2,1179,"'-02':4 '-2':2 '-27':5 '00':7,8 '2020':3 '65':9 'gnfsw':1 't00':6",65
148,2020-02-27T00:00:00,GNFSW-1,1166,"'-02':4 '-1':2 '-27':5 '00':7,8 '100':9 '2020':3 'gnfsw':1 't00':6",100
149,2020-02-27T00:00:00,GNAPW-1,1153,"'-02':4 '-1':2 '-27':5 '00':7,8 '2020':3 '22':9 'gnapw':1 't00':6",22
150,2020-02-27T00:00:00,BRBEO-1,399,"'-02':4 '-1':2 '-27':5 '00':7,8 '2020':3 '252':9 'brbeo':1 't00':6",252
151,2020-02-27T00:00:00,AIRSW-1,87,"'-02':4 '-1':2 '-27':5 '00':7,8 '2020':3 '35':9 'airsw':1 't00':6",35
152,2020-02-27T00:00:00,GLWSW-1,1140,"'-02':4 '-1':2 '-27':5 '00':7,8 '2020':3 '55':9 'glwsw':1 't00':6",55
153,2020-02-27T00:00:00,GLOFW-1,1127,"'-02':4 '-1':2 '-27':5 '00':7,8 '2020':3 '26':9 'glofw':1 't00':6",26
154,2020-02-27T00:00:00,GLCHW-1,1114,"'-02':4 '-1':2 '-27':5 '00':7,8 '2020':3 '25':9 'glchw':1 't00':6",25
155,2020-02-27T00:00:00,BRDUW-1,412,"'-02':4 '-1':2 '-27':5 '00':7,8 '2020':3 '72':9 'brduw':1 't00':6",72
156,2020-02-27T00:00:00,WLNYO-4,2271,"'-02':4 '-27':5 '-4':2 '00':7,8 '2020':3 '329':9 't00':6 'wlnyo':1",329
157,2020-02-27T00:00:00,GDSTW-1,1101,"'-02':4 '-1':2 '-27':5 '00':7,8 '13':9 '2020':3 'gdstw':1 't00':6",13
158,2020-02-27T00:00:00,GAOFO-4,1088,"'-02':4 '-27':5 '-4':2 '00':7,8 '2020':3 '88':9 'gaofo':1 't00':6",88
159,2020-02-27T00:00:00,GAOFO-3,1075,"'-02':4 '-27':5 '-3':2 '00':7,8 '2020':3 '88':9 'gaofo':1 't00':6",88
160,2020-02-27T00:00:00,BRYBW-1,425,"'-02':4 '-1':2 '-27':5 '00':7,8 '2020':3 '67':9 'brybw':1 't00':6",67
161,2020-02-27T00:00:00,THNTO-1,2076,"'-02':4 '-1':2 '-27':5 '00':7,8 '150':9 '2020':3 't00':6 'thnto':1",150
162,2020-02-27T00:00:00,GAOFO-2,1062,"'-02':4 '-2':2 '-27':5 '00':7,8 '2020':3 '88':9 'gaofo':1 't00':6",88
163,2020-02-27T00:00:00,GAOFO-1,1049,"'-02':4 '-1':2 '-27':5 '00':7,8 '2020':3 '88':9 'gaofo':1 't00':6",88
164,2020-02-27T00:00:00,FSDLW-1,1036,"'-02':4 '-1':2 '-27':5 '00':7,8 '2020':3 '22':9 'fsdlw':1 't00':6",22
165,2020-02-27T00:00:00,BTUIW-1,438,"'-02':4 '-1':2 '-27':5 '00':7,8 '2020':3 '30':9 'btuiw':1 't00':6",30
166,2020-02-27T00:00:00,TDBNW-1,2063,"'-02':4 '-1':2 '-27':5 '00':7,8 '2020':3 '28':9 't00':6 'tdbnw':1",28
167,2020-02-27T00:00:00,FRBRW-1,1023,"'-02':4 '-1':2 '-27':5 '0':9 '00':7,8 '2020':3 'frbrw':1 't00':6",0
168,2020-02-27T00:00:00,FALGW-1,1010,"'-02':4 '-1':2 '-27':5 '00':7,8 '144':9 '2020':3 'falgw':1 't00':6",144
169,2020-02-27T00:00:00,FAARW-2,997,"'-02':4 '-2':2 '-27':5 '00':7,8 '2020':3 '46':9 'faarw':1 't00':6",46
170,2020-02-27T00:00:00,BTUIW-2,451,"'-02':4 '-2':2 '-27':5 '00':7,8 '2020':3 '44':9 'btuiw':1 't00':6",44
171,2020-02-27T00:00:00,TANGW-1,2050,"'-02':4 '-1':2 '-27':5 '00':7,8 '16':9 '2020':3 't00':6 'tangw':1",16
172,2020-02-27T00:00:00,FAARW-1,984,"'-02':4 '-1':2 '-27':5 '00':7,8 '2020':3 '46':9 'faarw':1 't00':6",46
173,2020-02-27T00:00:00,EWHLW-1,971,"'-02':4 '-1':2 '-27':5 '00':7,8 '2020':3 '35':9 'ewhlw':1 't00':6",35
174,2020-02-27T00:00:00,EDTRW-1,958,"'-02':4 '-1':2 '-27':5 '00':7,8 '14':9 '2020':3 'edtrw':1 't00':6",14
175,2020-02-27T00:00:00,BURBW-1,464,"'-02':4 '-1':2 '-27':5 '00':7,8 '2020':3 '90':9 'burbw':1 't00':6",90
176,2020-02-27T00:00:00,AKGLW-1,100,"'-02':4 '-1':2 '-27':5 '00':7,8 '2020':3 '48':9 'akglw':1 't00':6",48
177,2020-02-27T00:00:00,EDINW-1,945,"'-02':4 '-1':2 '-27':5 '00':7,8 '2020':3 '42':9 'edinw':1 't00':6",42
178,2020-02-28T00:00:00,BLKWW-1,296,"'-02':4 '-1':2 '-28':5 '00':7,8 '2020':3 '53':9 'blkww':1 't00':6",53
179,2020-02-28T00:00:00,ABRBO-1,10,"'-02':4 '-1':2 '-28':5 '0':9 '00':7,8 '2020':3 'abrbo':1 't00':6",0
180,2020-02-28T00:00:00,ABRTW-1,23,"'-02':4 '-1':2 '-28':5 '00':7,8 '2020':3 '36':9 'abrtw':1 't00':6",36
181,2020-02-28T00:00:00,ACHLW-1,36,"'-02':4 '-1':2 '-28':5 '0':9 '00':7,8 '2020':3 'achlw':1 't00':6",0
182,2020-02-28T00:00:00,ACHRW-1,49,"'-02':4 '-1':2 '-28':5 '00':7,8 '2020':3 '43':9 'achrw':1 't00':6",43
183,2020-02-28T00:00:00,ACHYW-1,62,"'-02':4 '-1':2 '-28':5 '00':7,8 '2020':3 '38':9 'achyw':1 't00':6",38
184,2020-02-28T00:00:00,AFTOW-1,75,"'-02':4 '-1':2 '-28':5 '00':7,8 '2020':3 '50':9 'aftow':1 't00':6",50
185,2020-02-28T00:00:00,AIRSW-1,88,"'-02':4 '-1':2 '-28':5 '00':7,8 '2020':3 '35':9 'airsw':1 't00':6",35
186,2020-02-28T00:00:00,AKGLW-1,101,"'-02':4 '-1':2 '-28':5 '00':7,8 '2020':3 '48':9 'akglw':1 't00':6",48
187,2020-02-28T00:00:00,AKGLW-2,114,"'-02':4 '-2':2 '-28':5 '00':7,8 '2020':3 '70':9 'akglw':1 't00':6",70
188,2020-02-28T00:00:00,ANSUW-1,127,"'-02':4 '-1':2 '-28':5 '0':9 '00':7,8 '2020':3 'ansuw':1 't00':6",0
189,2020-02-28T00:00:00,ARCHW-1,140,"'-02':4 '-1':2 '-28':5 '00':7,8 '114':9 '2020':3 'archw':1 't00':6",114
190,2020-02-28T00:00:00,ASHWW-1,153,"'-02':4 '-1':2 '-28':5 '00':7,8 '2020':3 '35':9 'ashww':1 't00':6",35
191,2020-02-28T00:00:00,BABAW-1,166,"'-02':4 '-1':2 '-28':5 '00':7,8 '2020':3 '53':9 'babaw':1 't00':6",53
192,2020-02-28T00:00:00,BDCHW-1,179,"'-02':4 '-1':2 '-28':5 '00':7,8 '2020':3 '25':9 'bdchw':1 't00':6",25
193,2020-02-28T00:00:00,BEATO-1,192,"'-02':4 '-1':2 '-28':5 '00':7,8 '126':9 '2020':3 'beato':1 't00':6",126
194,2020-02-28T00:00:00,BEATO-2,205,"'-02':4 '-2':2 '-28':5 '00':7,8 '126':9 '2020':3 'beato':1 't00':6",126
195,2020-02-28T00:00:00,BEATO-3,218,"'-02':4 '-28':5 '-3':2 '00':7,8 '168':9 '2020':3 'beato':1 't00':6",168
196,2020-02-28T00:00:00,BEATO-4,231,"'-02':4 '-28':5 '-4':2 '00':7,8 '168':9 '2020':3 'beato':1 't00':6",168
197,2020-02-28T00:00:00,BEINW-1,244,"'-02':4 '-1':2 '-28':5 '00':7,8 '109':9 '2020':3 'beinw':1 't00':6",109
198,2020-02-28T00:00:00,BETHW-1,257,"'-02':4 '-1':2 '-28':5 '00':7,8 '2020':3 '30':9 'bethw':1 't00':6",30
199,2020-02-28T00:00:00,BGLAW-1,270,"'-02':4 '-1':2 '-28':5 '00':7,8 '2020':3 '8':9 'bglaw':1 't00':6",8
200,2020-02-28T00:00:00,BHLAW-1,283,"'-02':4 '-1':2 '-28':5 '00':7,8 '108':9 '2020':3 'bhlaw':1 't00':6",108
201,2020-02-28T00:00:00,BLLA-1,309,"'-02':4 '-1':2 '-28':5 '00':7,8 '118':9 '2020':3 'blla':1 't00':6",118
202,2020-02-28T00:00:00,BLLA-2,322,"'-02':4 '-2':2 '-28':5 '00':7,8 '2020':3 '60':9 'blla':1 't00':6",60
203,2020-02-28T00:00:00,BNAKW-1,335,"'-02':4 '-1':2 '-28':5 '00':7,8 '2020':3 '28':9 'bnakw':1 't00':6",28
204,2020-02-28T00:00:00,BNWKW-1,348,"'-02':4 '-1':2 '-28':5 '00':7,8 '15':9 '2020':3 'bnwkw':1 't00':6",15
205,2020-02-28T00:00:00,BOULW-1,361,"'-02':4 '-1':2 '-28':5 '00':7,8 '14':9 '2020':3 'boulw':1 't00':6",14
206,2020-02-28T00:00:00,BOWLW-1,374,"'-02':4 '-1':2 '-28':5 '00':7,8 '2020':3 '90':9 'bowlw':1 't00':6",90
207,2020-02-28T00:00:00,BOYNW-1,387,"'-02':4 '-1':2 '-28':5 '00':7,8 '16':9 '2020':3 'boynw':1 't00':6",16
208,2020-02-28T00:00:00,BRBEO-1,400,"'-02':4 '-1':2 '-28':5 '00':7,8 '2020':3 '252':9 'brbeo':1 't00':6",252
209,2020-02-28T00:00:00,BRDUW-1,413,"'-02':4 '-1':2 '-28':5 '00':7,8 '2020':3 '72':9 'brduw':1 't00':6",72
210,2020-02-28T00:00:00,BRYBW-1,426,"'-02':4 '-1':2 '-28':5 '00':7,8 '2020':3 '67':9 'brybw':1 't00':6",67
211,2020-02-28T00:00:00,BTUIW-1,439,"'-02':4 '-1':2 '-28':5 '00':7,8 '2020':3 '30':9 'btuiw':1 't00':6",30
212,2020-02-28T00:00:00,BTUIW-2,452,"'-02':4 '-2':2 '-28':5 '00':7,8 '2020':3 '44':9 'btuiw':1 't00':6",44
213,2020-02-28T00:00:00,BURBW-1,465,"'-02':4 '-1':2 '-28':5 '00':7,8 '2020':3 '90':9 'burbw':1 't00':6",90
214,2020-02-28T00:00:00,CAIRW-1,478,"'-02':4 '-1':2 '-28':5 '00':7,8 '2020':3 '51':9 'cairw':1 't00':6",51
215,2020-02-28T00:00:00,CAIRW-2,491,"'-02':4 '-2':2 '-28':5 '00':7,8 '2020':3 '42':9 'cairw':1 't00':6",42
216,2020-02-28T00:00:00,CAUSW-1,504,"'-02':4 '-1':2 '-28':5 '00':7,8 '2020':3 '48':9 'causw':1 't00':6",48
217,2020-02-28T00:00:00,CDWTW-1,517,"'-02':4 '-1':2 '-28':5 '00':7,8 '2020':3 '32':9 'cdwtw':1 't00':6",32
218,2020-02-28T00:00:00,CGTHW-1,530,"'-02':4 '-1':2 '-28':5 '00':7,8 '2020':3 '35':9 'cgthw':1 't00':6",35
219,2020-02-28T00:00:00,CLDCW-1,543,"'-02':4 '-1':2 '-28':5 '00':7,8 '187':9 '2020':3 'cldcw':1 't00':6",187
220,2020-02-28T00:00:00,CLDNW-1,556,"'-02':4 '-1':2 '-28':5 '00':7,8 '187':9 '2020':3 'cldnw':1 't00':6",187
221,2020-02-28T00:00:00,CLDRW-1,569,"'-02':4 '-1':2 '-28':5 '0':9 '00':7,8 '2020':3 'cldrw':1 't00':6",0
222,2020-02-28T00:00:00,CLDSW-1,582,"'-02':4 '-1':2 '-28':5 '00':7,8 '128':9 '2020':3 'cldsw':1 't00':6",128
223,2020-02-28T00:00:00,CLFLW-1,595,"'-02':4 '-1':2 '-28':5 '00':7,8 '15':9 '2020':3 'clflw':1 't00':6",15
224,2020-02-28T00:00:00,CMSTW-1,608,"'-02':4 '-1':2 '-28':5 '00':7,8 '2020':3 '50':9 'cmstw':1 't00':6",50
225,2020-02-28T00:00:00,CNCLW-1,621,"'-02':4 '-1':2 '-28':5 '00':7,8 '2020':3 '30':9 'cnclw':1 't00':6",30
226,2020-02-28T00:00:00,COUWW-1,634,"'-02':4 '-1':2 '-28':5 '00':7,8 '2020':3 '21':9 'couww':1 't00':6",21
227,2020-02-28T00:00:00,CRGHW-1,647,"'-02':4 '-1':2 '-28':5 '00':7,8 '2020':3 '46':9 'crghw':1 't00':6",46
228,2020-02-28T00:00:00,CRMHW-1,660,"'-02':4 '-1':2 '-28':5 '00':7,8 '2020':3 '30':9 'crmhw':1 't00':6",30
229,2020-02-28T00:00:00,CRMLW-1,673,"'-02':4 '-1':2 '-28':5 '00':7,8 '2020':3 '48':9 'crmlw':1 't00':6",48
230,2020-02-28T00:00:00,CRMNW-1,686,"'-02':4 '-1':2 '-28':5 '00':7,8 '11':9 '2020':3 'crmnw':1 't00':6",11
231,2020-02-28T00:00:00,CRYRW-1,699,"'-02':4 '-1':2 '-28':5 '00':7,8 '2020':3 '62':9 'cryrw':1 't00':6",62
232,2020-02-28T00:00:00,CRYRW-2,712,"'-02':4 '-2':2 '-28':5 '00':7,8 '138':9 '2020':3 'cryrw':1 't00':6",138
233,2020-02-28T00:00:00,CRYRW-3,725,"'-02':4 '-28':5 '-3':2 '00':7,8 '14':9 '2020':3 'cryrw':1 't00':6",14
234,2020-02-28T00:00:00,DALSW-1,738,"'-02':4 '-1':2 '-28':5 '00':7,8 '2020':3 '30':9 'dalsw':1 't00':6",30
235,2020-02-28T00:00:00,DDGNO-1,751,"'-02':4 '-1':2 '-28':5 '00':7,8 '108':9 '2020':3 'ddgno':1 't00':6",108
236,2020-02-28T00:00:00,DDGNO-2,764,"'-02':4 '-2':2 '-28':5 '00':7,8 '2020':3 '90':9 'ddgno':1 't00':6",90
237,2020-02-28T00:00:00,DDGNO-3,777,"'-02':4 '-28':5 '-3':2 '00':7,8 '102':9 '2020':3 'ddgno':1 't00':6",102
238,2020-02-28T00:00:00,DDGNO-4,790,"'-02':4 '-28':5 '-4':2 '00':7,8 '102':9 '2020':3 'ddgno':1 't00':6",102
239,2020-02-28T00:00:00,DEUCW-1,803,"'-02':4 '-1':2 '-28':5 '00':7,8 '15':9 '2020':3 'deucw':1 't00':6",15
240,2020-02-28T00:00:00,DNLWW-1,816,"'-02':4 '-1':2 '-28':5 '00':7,8 '2020':3 '30':9 'dnlww':1 't00':6",30
241,2020-02-28T00:00:00,DOREW-1,829,"'-02':4 '-1':2 '-28':5 '00':7,8 '2020':3 '96':9 'dorew':1 't00':6",96
242,2020-02-28T00:00:00,DOREW-2,842,"'-02':4 '-2':2 '-28':5 '00':7,8 '2020':3 '81':9 'dorew':1 't00':6",81
243,2020-02-28T00:00:00,DRDGW-1,855,"'-02':4 '-1':2 '-28':5 '00':7,8 '2020':3 '32':9 'drdgw':1 't00':6",32
244,2020-02-28T00:00:00,DRSLW-1,868,"'-02':4 '-1':2 '-28':5 '00':7,8 '2020':3 '69':9 'drslw':1 't00':6",69
245,2020-02-28T00:00:00,DUMMW-1,881,"'-02':4 '-1':2 '-28':5 '00':7,8 '10':9 '2020':3 'dummw':1 't00':6",10
246,2020-02-28T00:00:00,DUNGW-1,894,"'-02':4 '-1':2 '-28':5 '00':7,8 '2020':3 '94':9 'dungw':1 't00':6",94
247,2020-02-28T00:00:00,EAAO-1,907,"'-02':4 '-1':2 '-28':5 '00':7,8 '2020':3 '305':9 'eaao':1 't00':6",305
248,2020-02-28T00:00:00,EAAO-2,920,"'-02':4 '-2':2 '-28':5 '0':9 '00':7,8 '2020':3 'eaao':1 't00':6",0
249,2020-02-28T00:00:00,EARBW-1,933,"'-02':4 '-1':2 '-28':5 '00':7,8 '2020':3 '35':9 'earbw':1 't00':6",35
250,2020-02-28T00:00:00,EDINW-1,946,"'-02':4 '-1':2 '-28':5 '00':7,8 '2020':3 '42':9 'edinw':1 't00':6",42
251,2020-02-28T00:00:00,EDTRW-1,959,"'-02':4 '-1':2 '-28':5 '00':7,8 '14':9 '2020':3 'edtrw':1 't00':6",14
252,2020-02-28T00:00:00,EWHLW-1,972,"'-02':4 '-1':2 '-28':5 '00':7,8 '2020':3 '35':9 'ewhlw':1 't00':6",35
253,2020-02-28T00:00:00,FAARW-1,985,"'-02':4 '-1':2 '-28':5 '00':7,8 '2020':3 '46':9 'faarw':1 't00':6",46
254,2020-02-28T00:00:00,FAARW-2,998,"'-02':4 '-2':2 '-28':5 '00':7,8 '2020':3 '46':9 'faarw':1 't00':6",46
255,2020-02-28T00:00:00,FALGW-1,1011,"'-02':4 '-1':2 '-28':5 '00':7,8 '144':9 '2020':3 'falgw':1 't00':6",144
256,2020-02-28T00:00:00,FRBRW-1,1024,"'-02':4 '-1':2 '-28':5 '0':9 '00':7,8 '2020':3 'frbrw':1 't00':6",0
257,2020-02-28T00:00:00,FSDLW-1,1037,"'-02':4 '-1':2 '-28':5 '00':7,8 '2020':3 '22':9 'fsdlw':1 't00':6",22
258,2020-02-28T00:00:00,GAOFO-1,1050,"'-02':4 '-1':2 '-28':5 '00':7,8 '2020':3 '88':9 'gaofo':1 't00':6",88
259,2020-02-28T00:00:00,GAOFO-2,1063,"'-02':4 '-2':2 '-28':5 '00':7,8 '2020':3 '88':9 'gaofo':1 't00':6",88
260,2020-02-28T00:00:00,GAOFO-3,1076,"'-02':4 '-28':5 '-3':2 '00':7,8 '2020':3 '88':9 'gaofo':1 't00':6",88
261,2020-02-28T00:00:00,GAOFO-4,1089,"'-02':4 '-28':5 '-4':2 '00':7,8 '2020':3 '88':9 'gaofo':1 't00':6",88
262,2020-02-28T00:00:00,GDSTW-1,1102,"'-02':4 '-1':2 '-28':5 '00':7,8 '13':9 '2020':3 'gdstw':1 't00':6",13
263,2020-02-28T00:00:00,GLCHW-1,1115,"'-02':4 '-1':2 '-28':5 '00':7,8 '2020':3 '25':9 'glchw':1 't00':6",25
264,2020-02-28T00:00:00,GLOFW-1,1128,"'-02':4 '-1':2 '-28':5 '00':7,8 '2020':3 '26':9 'glofw':1 't00':6",26
265,2020-02-28T00:00:00,GLWSW-1,1141,"'-02':4 '-1':2 '-28':5 '00':7,8 '2020':3 '55':9 'glwsw':1 't00':6",55
266,2020-02-28T00:00:00,GNAPW-1,1154,"'-02':4 '-1':2 '-28':5 '00':7,8 '2020':3 '22':9 'gnapw':1 't00':6",22
267,2020-02-28T00:00:00,GNFSW-1,1167,"'-02':4 '-1':2 '-28':5 '00':7,8 '100':9 '2020':3 'gnfsw':1 't00':6",100
268,2020-02-28T00:00:00,GNFSW-2,1180,"'-02':4 '-2':2 '-28':5 '00':7,8 '2020':3 '65':9 'gnfsw':1 't00':6",65
269,2020-02-28T00:00:00,GORDW-1,1193,"'-02':4 '-1':2 '-28':5 '00':7,8 '2020':3 '70':9 'gordw':1 't00':6",70
270,2020-02-28T00:00:00,GRGBW-1,1206,"'-02':4 '-1':2 '-28':5 '00':7,8 '165':9 '2020':3 'grgbw':1 't00':6",165
271,2020-02-28T00:00:00,GRGBW-2,1219,"'-02':4 '-2':2 '-28':5 '00':7,8 '165':9 '2020':3 'grgbw':1 't00':6",165
272,2020-02-28T00:00:00,GRGBW-3,1232,"'-02':4 '-28':5 '-3':2 '00':7,8 '165':9 '2020':3 'grgbw':1 't00':6",165
273,2020-02-28T00:00:00,GRIFW-1,1245,"'-02':4 '-1':2 '-28':5 '00':7,8 '2020':3 '95':9 'grifw':1 't00':6",95
274,2020-02-28T00:00:00,GRIFW-2,1258,"'-02':4 '-2':2 '-28':5 '00':7,8 '2020':3 '95':9 'grifw':1 't00':6",95
275,2020-02-28T00:00:00,GYMRO-15,1271,"'-02':4 '-15':2 '-28':5 '00':7,8 '140':9 '2020':3 'gymro':1 't00':6",140
276,2020-02-28T00:00:00,GYMRO-17,1284,"'-02':4 '-17':2 '-28':5 '00':7,8 '138':9 '2020':3 'gymro':1 't00':6",138
277,2020-02-28T00:00:00,GYMRO-26,1297,"'-02':4 '-26':2 '-28':5 '00':7,8 '140':9 '2020':3 'gymro':1 't00':6",140
278,2020-02-28T00:00:00,GYMRO-28,1310,"'-02':4 '-28':2,5 '00':7,8 '144':9 '2020':3 'gymro':1 't00':6",144
279,2020-02-28T00:00:00,HADHW-1,1323,"'-02':4 '-1':2 '-28':5 '00':7,8 '2020':3 '99':9 'hadhw':1 't00':6",99
280,2020-02-28T00:00:00,HAWFW-1,1336,"'-02':4 '-1':2 '-28':5 '00':7,8 '15':9 '2020':3 'hawfw':1 't00':6",15
281,2020-02-28T00:00:00,HBHDW-1,1349,"'-02':4 '-1':2 '-28':5 '00':7,8 '2020':3 '52':9 'hbhdw':1 't00':6",52
282,2020-02-28T00:00:00,HLGLW-1,1362,"'-02':4 '-1':2 '-28':5 '00':7,8 '2020':3 '27':9 'hlglw':1 't00':6",27
283,2020-02-28T00:00:00,HLTWW-1,1375,"'-02':4 '-1':2 '-28':5 '00':7,8 '2020':3 '48':9 'hltww':1 't00':6",48
284,2020-02-28T00:00:00,HMGTO-1,1388,"'-02':4 '-1':2 '-28':5 '00':7,8 '108':9 '2020':3 'hmgto':1 't00':6",108
285,2020-02-28T00:00:00,HMGTO-2,1401,"'-02':4 '-2':2 '-28':5 '00':7,8 '111':9 '2020':3 'hmgto':1 't00':6",111
286,2020-02-28T00:00:00,HOWAO-1,1414,"'-02':4 '-1':2 '-28':5 '00':7,8 '2020':3 '400':9 'howao':1 't00':6",400
287,2020-02-28T00:00:00,HOWAO-2,1427,"'-02':4 '-2':2 '-28':5 '00':7,8 '2020':3 '400':9 'howao':1 't00':6",400
288,2020-02-28T00:00:00,HOWAO-3,1440,"'-02':4 '-28':5 '-3':2 '00':7,8 '2020':3 '301':9 'howao':1 't00':6",301
289,2020-02-28T00:00:00,HRHLW-1,1453,"'-02':4 '-1':2 '-28':5 '00':7,8 '2020':3 '30':9 'hrhlw':1 't00':6",30
290,2020-02-28T00:00:00,HRSTW-1,1466,"'-02':4 '-1':2 '-28':5 '00':7,8 '125':9 '2020':3 'hrstw':1 't00':6",125
291,2020-02-28T00:00:00,HYWDW-1,1479,"'-02':4 '-1':2 '-28':5 '00':7,8 '2020':3 '24':9 'hywdw':1 't00':6",24
292,2020-02-28T00:00:00,KILBW-1,1492,"'-02':4 '-1':2 '-28':5 '00':7,8 '2020':3 '67':9 'kilbw':1 't00':6",67
293,2020-02-28T00:00:00,KINCW-1,1505,"'-02':4 '-1':2 '-28':5 '0':9 '00':7,8 '2020':3 'kincw':1 't00':6",0
294,2020-02-28T00:00:00,KLDMW-1,1518,"'-02':4 '-1':2 '-28':5 '00':7,8 '18':9 '2020':3 'kldmw':1 't00':6",18
295,2020-02-28T00:00:00,KLGLW-1,1531,"'-02':4 '-1':2 '-28':5 '00':7,8 '2020':3 '228':9 'klglw':1 't00':6",228
296,2020-02-28T00:00:00,KPMRW-1,1544,"'-02':4 '-1':2 '-28':5 '00':7,8 '2020':3 '88':9 'kpmrw':1 't00':6",88
297,2020-02-28T00:00:00,KTHLW-1,1557,"'-02':4 '-1':2 '-28':5 '0':9 '00':7,8 '2020':3 'kthlw':1 't00':6",0
298,2020-02-28T00:00:00,LARYO-1,1570,"'-02':4 '-1':2 '-28':5 '00':7,8 '154':9 '2020':3 'laryo':1 't00':6",154
299,2020-02-28T00:00:00,LARYO-2,1583,"'-02':4 '-2':2 '-28':5 '00':7,8 '158':9 '2020':3 'laryo':1 't00':6",158
300,2020-02-28T00:00:00,LARYO-3,1596,"'-02':4 '-28':5 '-3':2 '00':7,8 '158':9 '2020':3 'laryo':1 't00':6",158
301,2020-02-28T00:00:00,LARYO-4,1609,"'-02':4 '-28':5 '-4':2 '00':7,8 '158':9 '2020':3 'laryo':1 't00':6",158
302,2020-02-28T00:00:00,LCLTW-1,1622,"'-02':4 '-1':2 '-28':5 '00':7,8 '2020':3 '69':9 'lcltw':1 't00':6",69
303,2020-02-28T00:00:00,LGPKW-1,1635,"'-02':4 '-1':2 '-28':5 '00':7,8 '2020':3 '38':9 'lgpkw':1 't00':6",38
304,2020-02-28T00:00:00,LNCSO-1,1648,"'-02':4 '-1':2 '-28':5 '00':7,8 '130':9 '2020':3 'lncso':1 't00':6",130
305,2020-02-28T00:00:00,LNCSO-2,1661,"'-02':4 '-2':2 '-28':5 '00':7,8 '140':9 '2020':3 'lncso':1 't00':6",140
306,2020-02-28T00:00:00,MDHLW-1,1674,"'-02':4 '-1':2 '-28':5 '00':7,8 '2020':3 '76':9 'mdhlw':1 't00':6",76
307,2020-02-28T00:00:00,MIDMW-1,1687,"'-02':4 '-1':2 '-28':5 '00':7,8 '2020':3 '51':9 'midmw':1 't00':6",51
308,2020-02-28T00:00:00,MILWW-1,1700,"'-02':4 '-1':2 '-28':5 '00':7,8 '2020':3 '65':9 'milww':1 't00':6",65
309,2020-02-28T00:00:00,MINSW-1,1713,"'-02':4 '-1':2 '-28':5 '00':7,8 '2020':3 '37':9 'minsw':1 't00':6",37
310,2020-02-28T00:00:00,MKHLW-1,1726,"'-02':4 '-1':2 '-28':5 '00':7,8 '2020':3 '53':9 'mkhlw':1 't00':6",53
311,2020-02-28T00:00:00,MOYEW-1,1739,"'-02':4 '-1':2 '-28':5 '00':7,8 '2020':3 '45':9 'moyew':1 't00':6",45
312,2020-02-28T00:00:00,MYGPW-1,1752,"'-02':4 '-1':2 '-28':5 '00':7,8 '2020':3 '25':9 'mygpw':1 't00':6",25
313,2020-02-28T00:00:00,NOVAW-1,1765,"'-02':4 '-1':2 '-28':5 '00':7,8 '17':9 '2020':3 'novaw':1 't00':6",17
314,2020-02-28T00:00:00,NOVAW-2,1778,"'-02':4 '-2':2 '-28':5 '00':7,8 '2020':3 '37':9 'novaw':1 't00':6",37
315,2020-02-28T00:00:00,OMNDO-1,1791,"'-02':4 '-1':2 '-28':5 '00':7,8 '150':9 '2020':3 'omndo':1 't00':6",150
316,2020-02-28T00:00:00,PAUHW-1,1804,"'-02':4 '-1':2 '-28':5 '00':7,8 '2020':3 '65':9 'pauhw':1 't00':6",65
317,2020-02-28T00:00:00,PGBIW-1,1817,"'-02':4 '-1':2 '-28':5 '0':9 '00':7,8 '2020':3 'pgbiw':1 't00':6",0
318,2020-02-28T00:00:00,PNYCW-1,1830,"'-02':4 '-1':2 '-28':5 '00':7,8 '2020':3 '228':9 'pnycw':1 't00':6",228
319,2020-02-28T00:00:00,PTLDW-1,1843,"'-02':4 '-1':2 '-28':5 '00':7,8 '13':9 '2020':3 'ptldw':1 't00':6",13
320,2020-02-28T00:00:00,RCBKO-1,1856,"'-02':4 '-1':2 '-28':5 '00':7,8 '2020':3 '279':9 'rcbko':1 't00':6",279
321,2020-02-28T00:00:00,RCBKO-2,1869,"'-02':4 '-2':2 '-28':5 '00':7,8 '2020':3 '286':9 'rcbko':1 't00':6",286
322,2020-02-28T00:00:00,RMPNO-1,1882,"'-02':4 '-1':2 '-28':5 '00':7,8 '200':9 '2020':3 'rmpno':1 't00':6",200
323,2020-02-28T00:00:00,RMPNO-2,1895,"'-02':4 '-2':2 '-28':5 '00':7,8 '200':9 '2020':3 'rmpno':1 't00':6",200
324,2020-02-28T00:00:00,RREW-1,1908,"'-02':4 '-1':2 '-28':5 '00':7,8 '2020':3 '84':9 'rrew':1 't00':6",84
325,2020-02-28T00:00:00,RRWW-1,1921,"'-02':4 '-1':2 '-28':5 '00':7,8 '2020':3 '90':9 'rrww':1 't00':6",90
326,2020-02-28T00:00:00,RSHLW-1,1934,"'-02':4 '-1':2 '-28':5 '00':7,8 '2020':3 '24':9 'rshlw':1 't00':6",24
327,2020-02-28T00:00:00,SANQW-1,1947,"'-02':4 '-1':2 '-28':5 '00':7,8 '2020':3 '32':9 'sanqw':1 't00':6",32
328,2020-02-28T00:00:00,SHRSO-1,1960,"'-02':4 '-1':2 '-28':5 '00':7,8 '158':9 '2020':3 'shrso':1 't00':6",158
329,2020-02-28T00:00:00,SHRSO-2,1973,"'-02':4 '-2':2 '-28':5 '00':7,8 '158':9 '2020':3 'shrso':1 't00':6",158
330,2020-02-28T00:00:00,STLGW-1,1986,"'-02':4 '-1':2 '-28':5 '0':9 '00':7,8 '2020':3 'stlgw':1 't00':6",0
331,2020-02-28T00:00:00,STLGW-2,1999,"'-02':4 '-2':2 '-28':5 '0':9 '00':7,8 '2020':3 'stlgw':1 't00':6",0
332,2020-02-28T00:00:00,STLGW-3,2012,"'-02':4 '-28':5 '-3':2 '0':9 '00':7,8 '2020':3 'stlgw':1 't00':6",0
333,2020-02-28T00:00:00,STPSW-1,2025,"'-02':4 '-1':2 '-28':5 '0':9 '00':7,8 '2020':3 'stpsw':1 't00':6",0
334,2020-02-28T00:00:00,STRNW-1,2038,"'-02':4 '-1':2 '-28':5 '00':7,8 '2020':3 '67':9 'strnw':1 't00':6",67
335,2020-02-28T00:00:00,TANGW-1,2051,"'-02':4 '-1':2 '-28':5 '00':7,8 '16':9 '2020':3 't00':6 'tangw':1",16
336,2020-02-28T00:00:00,TDBNW-1,2064,"'-02':4 '-1':2 '-28':5 '00':7,8 '2020':3 '28':9 't00':6 'tdbnw':1",28
337,2020-02-28T00:00:00,THNTO-1,2077,"'-02':4 '-1':2 '-28':5 '00':7,8 '150':9 '2020':3 't00':6 'thnto':1",150
338,2020-02-28T00:00:00,THNTO-2,2090,"'-02':4 '-2':2 '-28':5 '00':7,8 '150':9 '2020':3 't00':6 'thnto':1",150
339,2020-02-28T00:00:00,TLYMW-1,2103,"'-02':4 '-1':2 '-28':5 '0':9 '00':7,8 '2020':3 't00':6 'tlymw':1",0
340,2020-02-28T00:00:00,TMNCW-1,2116,"'-02':4 '-1':2 '-28':5 '00':7,8 '2020':3 '39':9 't00':6 'tmncw':1",39
341,2020-02-28T00:00:00,TMWLW-1,2129,"'-02':4 '-1':2 '-28':5 '00':7,8 '16':9 '2020':3 't00':6 'tmwlw':1",16
342,2020-02-28T00:00:00,TULWW-1,2142,"'-02':4 '-1':2 '-28':5 '00':7,8 '17':9 '2020':3 't00':6 'tulww':1",17
343,2020-02-28T00:00:00,TULWW-2,2155,"'-02':4 '-2':2 '-28':5 '00':7,8 '2020':3 '25':9 't00':6 'tulww':1",25
344,2020-02-28T00:00:00,WDNSO-1,2168,"'-02':4 '-1':2 '-28':5 '00':7,8 '191':9 '2020':3 't00':6 'wdnso':1",191
345,2020-02-28T00:00:00,WDNSO-2,2181,"'-02':4 '-2':2 '-28':5 '00':7,8 '191':9 '2020':3 't00':6 'wdnso':1",191
346,2020-02-28T00:00:00,WHIHW-1,2194,"'-02':4 '-1':2 '-28':5 '00':7,8 '2020':3 '27':9 't00':6 'whihw':1",27
347,2020-02-28T00:00:00,WHILW-1,2207,"'-02':4 '-1':2 '-28':5 '00':7,8 '2020':3 '305':9 't00':6 'whilw':1",305
348,2020-02-28T00:00:00,WHILW-2,2220,"'-02':4 '-2':2 '-28':5 '00':7,8 '2020':3 '206':9 't00':6 'whilw':1",206
349,2020-02-28T00:00:00,WISTW-2,2233,"'-02':4 '-2':2 '-28':5 '00':7,8 '2020':3 '62':9 't00':6 'wistw':1",62
350,2020-02-28T00:00:00,WLNYO-2,2246,"'-02':4 '-2':2 '-28':5 '00':7,8 '183':9 '2020':3 't00':6 'wlnyo':1",183
351,2020-02-28T00:00:00,WLNYO-3,2259,"'-02':4 '-28':5 '-3':2 '00':7,8 '2020':3 '330':9 't00':6 'wlnyo':1",330
352,2020-02-28T00:00:00,WLNYO-4,2272,"'-02':4 '-28':5 '-4':2 '00':7,8 '2020':3 '329':9 't00':6 'wlnyo':1",329
353,2020-02-28T00:00:00,WLNYW-1,2285,"'-02':4 '-1':2 '-28':5 '00':7,8 '183':9 '2020':3 't00':6 'wlnyw':1",183
354,2020-02-28T00:00:00,WTGRW-1,2298,"'-02':4 '-1':2 '-28':5 '0':9 '00':7,8 '2020':3 't00':6 'wtgrw':1",0
355,2020-02-28T00:00:00,WTMSO-1,2311,"'-02':4 '-1':2 '-28':5 '00':7,8 '2020':3 '206':9 't00':6 'wtmso':1",206
356,2020-02-29T00:00:00,BABAW-1,167,"'-02':4 '-1':2 '-29':5 '00':7,8 '2020':3 '53':9 'babaw':1 't00':6",53
357,2020-02-29T00:00:00,DDGNO-3,778,"'-02':4 '-29':5 '-3':2 '00':7,8 '102':9 '2020':3 'ddgno':1 't00':6",102
358,2020-02-29T00:00:00,PNYCW-1,1831,"'-02':4 '-1':2 '-29':5 '00':7,8 '2020':3 '228':9 'pnycw':1 't00':6",228
359,2020-02-29T00:00:00,HMGTO-2,1402,"'-02':4 '-2':2 '-29':5 '00':7,8 '111':9 '2020':3 'hmgto':1 't00':6",111
360,2020-02-29T00:00:00,BTUIW-2,453,"'-02':4 '-2':2 '-29':5 '00':7,8 '2020':3 '44':9 'btuiw':1 't00':6",44
361,2020-02-29T00:00:00,WHILW-2,2221,"'-02':4 '-2':2 '-29':5 '00':7,8 '2020':3 '206':9 't00':6 'whilw':1",206
362,2020-02-29T00:00:00,BLLA-1,310,"'-02':4 '-1':2 '-29':5 '00':7,8 '118':9 '2020':3 'blla':1 't00':6",118
363,2020-02-29T00:00:00,AIRSW-1,89,"'-02':4 '-1':2 '-29':5 '00':7,8 '2020':3 '35':9 'airsw':1 't00':6",35
364,2020-02-29T00:00:00,HOWAO-1,1415,"'-02':4 '-1':2 '-29':5 '00':7,8 '2020':3 '400':9 'howao':1 't00':6",400
365,2020-02-29T00:00:00,GAOFO-4,1090,"'-02':4 '-29':5 '-4':2 '00':7,8 '2020':3 '88':9 'gaofo':1 't00':6",88
366,2020-02-29T00:00:00,PGBIW-1,1818,"'-02':4 '-1':2 '-29':5 '0':9 '00':7,8 '2020':3 'pgbiw':1 't00':6",0
367,2020-02-29T00:00:00,WTGRW-1,2299,"'-02':4 '-1':2 '-29':5 '0':9 '00':7,8 '2020':3 't00':6 'wtgrw':1",0
368,2020-02-29T00:00:00,WTMSO-1,2312,"'-02':4 '-1':2 '-29':5 '00':7,8 '2020':3 '206':9 't00':6 'wtmso':1",206
369,2020-02-29T00:00:00,HOWAO-2,1428,"'-02':4 '-2':2 '-29':5 '00':7,8 '2020':3 '400':9 'howao':1 't00':6",400
370,2020-02-29T00:00:00,TANGW-1,2052,"'-02':4 '-1':2 '-29':5 '00':7,8 '16':9 '2020':3 't00':6 'tangw':1",16
371,2020-02-29T00:00:00,PAUHW-1,1805,"'-02':4 '-1':2 '-29':5 '00':7,8 '2020':3 '65':9 'pauhw':1 't00':6",65
372,2020-02-29T00:00:00,ABRBO-1,11,"'-02':4 '-1':2 '-29':5 '0':9 '00':7,8 '2020':3 'abrbo':1 't00':6",0
373,2020-02-29T00:00:00,TULWW-1,2143,"'-02':4 '-1':2 '-29':5 '00':7,8 '17':9 '2020':3 't00':6 'tulww':1",17
374,2020-02-29T00:00:00,HOWAO-3,1441,"'-02':4 '-29':5 '-3':2 '00':7,8 '2020':3 '301':9 'howao':1 't00':6",301
375,2020-02-29T00:00:00,BRDUW-1,414,"'-02':4 '-1':2 '-29':5 '00':7,8 '2020':3 '72':9 'brduw':1 't00':6",72
376,2020-02-29T00:00:00,BDCHW-1,180,"'-02':4 '-1':2 '-29':5 '00':7,8 '2020':3 '25':9 'bdchw':1 't00':6",25
377,2020-02-29T00:00:00,BLKWW-1,297,"'-02':4 '-1':2 '-29':5 '00':7,8 '2020':3 '53':9 'blkww':1 't00':6",53
378,2020-02-29T00:00:00,DDGNO-2,765,"'-02':4 '-2':2 '-29':5 '00':7,8 '2020':3 '90':9 'ddgno':1 't00':6",90
379,2020-02-29T00:00:00,HRHLW-1,1454,"'-02':4 '-1':2 '-29':5 '00':7,8 '2020':3 '30':9 'hrhlw':1 't00':6",30
380,2020-02-29T00:00:00,GDSTW-1,1103,"'-02':4 '-1':2 '-29':5 '00':7,8 '13':9 '2020':3 'gdstw':1 't00':6",13
381,2020-02-29T00:00:00,OMNDO-1,1792,"'-02':4 '-1':2 '-29':5 '00':7,8 '150':9 '2020':3 'omndo':1 't00':6",150
382,2020-02-29T00:00:00,NOVAW-2,1779,"'-02':4 '-2':2 '-29':5 '00':7,8 '2020':3 '37':9 'novaw':1 't00':6",37
383,2020-02-29T00:00:00,NOVAW-1,1766,"'-02':4 '-1':2 '-29':5 '00':7,8 '17':9 '2020':3 'novaw':1 't00':6",17
384,2020-02-29T00:00:00,HRSTW-1,1467,"'-02':4 '-1':2 '-29':5 '00':7,8 '125':9 '2020':3 'hrstw':1 't00':6",125
385,2020-02-29T00:00:00,FAARW-1,986,"'-02':4 '-1':2 '-29':5 '00':7,8 '2020':3 '46':9 'faarw':1 't00':6",46
386,2020-02-29T00:00:00,WHILW-1,2208,"'-02':4 '-1':2 '-29':5 '00':7,8 '2020':3 '305':9 't00':6 'whilw':1",305
387,2020-02-29T00:00:00,DDGNO-1,752,"'-02':4 '-1':2 '-29':5 '00':7,8 '108':9 '2020':3 'ddgno':1 't00':6",108
388,2020-02-29T00:00:00,ACHYW-1,63,"'-02':4 '-1':2 '-29':5 '00':7,8 '2020':3 '38':9 'achyw':1 't00':6",38
389,2020-02-29T00:00:00,HYWDW-1,1480,"'-02':4 '-1':2 '-29':5 '00':7,8 '2020':3 '24':9 'hywdw':1 't00':6",24
390,2020-02-29T00:00:00,CGTHW-1,531,"'-02':4 '-1':2 '-29':5 '00':7,8 '2020':3 '35':9 'cgthw':1 't00':6",35
391,2020-02-29T00:00:00,BEATO-1,193,"'-02':4 '-1':2 '-29':5 '00':7,8 '126':9 '2020':3 'beato':1 't00':6",126
392,2020-02-29T00:00:00,BHLAW-1,284,"'-02':4 '-1':2 '-29':5 '00':7,8 '108':9 '2020':3 'bhlaw':1 't00':6",108
393,2020-02-29T00:00:00,WLNYW-1,2286,"'-02':4 '-1':2 '-29':5 '00':7,8 '183':9 '2020':3 't00':6 'wlnyw':1",183
394,2020-02-29T00:00:00,KILBW-1,1493,"'-02':4 '-1':2 '-29':5 '00':7,8 '2020':3 '67':9 'kilbw':1 't00':6",67
395,2020-02-29T00:00:00,THNTO-1,2078,"'-02':4 '-1':2 '-29':5 '00':7,8 '150':9 '2020':3 't00':6 'thnto':1",150
396,2020-02-29T00:00:00,MYGPW-1,1753,"'-02':4 '-1':2 '-29':5 '00':7,8 '2020':3 '25':9 'mygpw':1 't00':6",25
397,2020-02-29T00:00:00,MOYEW-1,1740,"'-02':4 '-1':2 '-29':5 '00':7,8 '2020':3 '45':9 'moyew':1 't00':6",45
398,2020-02-29T00:00:00,TULWW-2,2156,"'-02':4 '-2':2 '-29':5 '00':7,8 '2020':3 '25':9 't00':6 'tulww':1",25
399,2020-02-29T00:00:00,KINCW-1,1506,"'-02':4 '-1':2 '-29':5 '0':9 '00':7,8 '2020':3 'kincw':1 't00':6",0
400,2020-02-29T00:00:00,GLCHW-1,1116,"'-02':4 '-1':2 '-29':5 '00':7,8 '2020':3 '25':9 'glchw':1 't00':6",25
401,2020-02-29T00:00:00,MKHLW-1,1727,"'-02':4 '-1':2 '-29':5 '00':7,8 '2020':3 '53':9 'mkhlw':1 't00':6",53
402,2020-02-29T00:00:00,EDINW-1,947,"'-02':4 '-1':2 '-29':5 '00':7,8 '2020':3 '42':9 'edinw':1 't00':6",42
403,2020-02-29T00:00:00,DALSW-1,739,"'-02':4 '-1':2 '-29':5 '00':7,8 '2020':3 '30':9 'dalsw':1 't00':6",30
404,2020-02-29T00:00:00,KLDMW-1,1519,"'-02':4 '-1':2 '-29':5 '00':7,8 '18':9 '2020':3 'kldmw':1 't00':6",18
405,2020-02-29T00:00:00,CAIRW-2,492,"'-02':4 '-2':2 '-29':5 '00':7,8 '2020':3 '42':9 'cairw':1 't00':6",42
406,2020-02-29T00:00:00,BEATO-2,206,"'-02':4 '-2':2 '-29':5 '00':7,8 '126':9 '2020':3 'beato':1 't00':6",126
407,2020-02-29T00:00:00,BGLAW-1,271,"'-02':4 '-1':2 '-29':5 '00':7,8 '2020':3 '8':9 'bglaw':1 't00':6",8
408,2020-02-29T00:00:00,MINSW-1,1714,"'-02':4 '-1':2 '-29':5 '00':7,8 '2020':3 '37':9 'minsw':1 't00':6",37
409,2020-02-29T00:00:00,KLGLW-1,1532,"'-02':4 '-1':2 '-29':5 '00':7,8 '2020':3 '228':9 'klglw':1 't00':6",228
410,2020-02-29T00:00:00,DRDGW-1,856,"'-02':4 '-1':2 '-29':5 '00':7,8 '2020':3 '32':9 'drdgw':1 't00':6",32
411,2020-02-29T00:00:00,MILWW-1,1701,"'-02':4 '-1':2 '-29':5 '00':7,8 '2020':3 '65':9 'milww':1 't00':6",65
412,2020-02-29T00:00:00,WHIHW-1,2195,"'-02':4 '-1':2 '-29':5 '00':7,8 '2020':3 '27':9 't00':6 'whihw':1",27
413,2020-02-29T00:00:00,MIDMW-1,1688,"'-02':4 '-1':2 '-29':5 '00':7,8 '2020':3 '51':9 'midmw':1 't00':6",51
414,2020-02-29T00:00:00,KPMRW-1,1545,"'-02':4 '-1':2 '-29':5 '00':7,8 '2020':3 '88':9 'kpmrw':1 't00':6",88
415,2020-02-29T00:00:00,GLOFW-1,1129,"'-02':4 '-1':2 '-29':5 '00':7,8 '2020':3 '26':9 'glofw':1 't00':6",26
416,2020-02-29T00:00:00,BEATO-3,219,"'-02':4 '-29':5 '-3':2 '00':7,8 '168':9 '2020':3 'beato':1 't00':6",168
417,2020-02-29T00:00:00,EARBW-1,934,"'-02':4 '-1':2 '-29':5 '00':7,8 '2020':3 '35':9 'earbw':1 't00':6",35
418,2020-02-29T00:00:00,CRYRW-3,726,"'-02':4 '-29':5 '-3':2 '00':7,8 '14':9 '2020':3 'cryrw':1 't00':6",14
419,2020-02-29T00:00:00,KTHLW-1,1558,"'-02':4 '-1':2 '-29':5 '0':9 '00':7,8 '2020':3 'kthlw':1 't00':6",0
420,2020-02-29T00:00:00,BRBEO-1,401,"'-02':4 '-1':2 '-29':5 '00':7,8 '2020':3 '252':9 'brbeo':1 't00':6",252
421,2020-02-29T00:00:00,MDHLW-1,1675,"'-02':4 '-1':2 '-29':5 '00':7,8 '2020':3 '76':9 'mdhlw':1 't00':6",76
422,2020-02-29T00:00:00,BETHW-1,258,"'-02':4 '-1':2 '-29':5 '00':7,8 '2020':3 '30':9 'bethw':1 't00':6",30
423,2020-02-29T00:00:00,WDNSO-1,2169,"'-02':4 '-1':2 '-29':5 '00':7,8 '191':9 '2020':3 't00':6 'wdnso':1",191
424,2020-02-29T00:00:00,LARYO-1,1571,"'-02':4 '-1':2 '-29':5 '00':7,8 '154':9 '2020':3 'laryo':1 't00':6",154
425,2020-02-29T00:00:00,STLGW-2,2000,"'-02':4 '-2':2 '-29':5 '0':9 '00':7,8 '2020':3 'stlgw':1 't00':6",0
426,2020-02-29T00:00:00,ACHRW-1,50,"'-02':4 '-1':2 '-29':5 '00':7,8 '2020':3 '43':9 'achrw':1 't00':6",43
427,2020-02-29T00:00:00,LNCSO-2,1662,"'-02':4 '-2':2 '-29':5 '00':7,8 '140':9 '2020':3 'lncso':1 't00':6",140
428,2020-02-29T00:00:00,GLWSW-1,1142,"'-02':4 '-1':2 '-29':5 '00':7,8 '2020':3 '55':9 'glwsw':1 't00':6",55
429,2020-02-29T00:00:00,LARYO-2,1584,"'-02':4 '-2':2 '-29':5 '00':7,8 '158':9 '2020':3 'laryo':1 't00':6",158
430,2020-02-29T00:00:00,FAARW-2,999,"'-02':4 '-2':2 '-29':5 '00':7,8 '2020':3 '46':9 'faarw':1 't00':6",46
431,2020-02-29T00:00:00,LNCSO-1,1649,"'-02':4 '-1':2 '-29':5 '00':7,8 '130':9 '2020':3 'lncso':1 't00':6",130
432,2020-02-29T00:00:00,CRYRW-2,713,"'-02':4 '-2':2 '-29':5 '00':7,8 '138':9 '2020':3 'cryrw':1 't00':6",138
433,2020-02-29T00:00:00,BEATO-4,232,"'-02':4 '-29':5 '-4':2 '00':7,8 '168':9 '2020':3 'beato':1 't00':6",168
434,2020-02-29T00:00:00,LARYO-3,1597,"'-02':4 '-29':5 '-3':2 '00':7,8 '158':9 '2020':3 'laryo':1 't00':6",158
435,2020-02-29T00:00:00,CLDCW-1,544,"'-02':4 '-1':2 '-29':5 '00':7,8 '187':9 '2020':3 'cldcw':1 't00':6",187
436,2020-02-29T00:00:00,LGPKW-1,1636,"'-02':4 '-1':2 '-29':5 '00':7,8 '2020':3 '38':9 'lgpkw':1 't00':6",38
437,2020-02-29T00:00:00,BEINW-1,245,"'-02':4 '-1':2 '-29':5 '00':7,8 '109':9 '2020':3 'beinw':1 't00':6",109
438,2020-02-29T00:00:00,CRYRW-1,700,"'-02':4 '-1':2 '-29':5 '00':7,8 '2020':3 '62':9 'cryrw':1 't00':6",62
439,2020-02-29T00:00:00,LARYO-4,1610,"'-02':4 '-29':5 '-4':2 '00':7,8 '158':9 '2020':3 'laryo':1 't00':6",158
440,2020-02-29T00:00:00,GNAPW-1,1155,"'-02':4 '-1':2 '-29':5 '00':7,8 '2020':3 '22':9 'gnapw':1 't00':6",22
441,2020-02-29T00:00:00,WDNSO-2,2182,"'-02':4 '-2':2 '-29':5 '00':7,8 '191':9 '2020':3 't00':6 'wdnso':1",191
442,2020-02-29T00:00:00,LCLTW-1,1623,"'-02':4 '-1':2 '-29':5 '0':9 '00':7,8 '2020':3 'lcltw':1 't00':6",0
443,2020-02-29T00:00:00,EAAO-1,908,"'-02':4 '-1':2 '-29':5 '00':7,8 '2020':3 '256':9 'eaao':1 't00':6",256
444,2020-02-29T00:00:00,AKGLW-2,115,"'-02':4 '-2':2 '-29':5 '00':7,8 '2020':3 '64':9 'akglw':1 't00':6",64
445,2020-02-29T00:00:00,STPSW-1,2026,"'-02':4 '-1':2 '-29':5 '0':9 '00':7,8 '2020':3 'stpsw':1 't00':6",0
446,2020-02-29T00:00:00,WLNYO-4,2273,"'-02':4 '-29':5 '-4':2 '00':7,8 '2020':3 '329':9 't00':6 'wlnyo':1",329
447,2020-02-29T00:00:00,GNFSW-1,1168,"'-02':4 '-1':2 '-29':5 '00':7,8 '100':9 '2020':3 'gnfsw':1 't00':6",100
448,2020-02-29T00:00:00,CAIRW-1,479,"'-02':4 '-1':2 '-29':5 '00':7,8 '2020':3 '51':9 'cairw':1 't00':6",51
449,2020-02-29T00:00:00,CRMNW-1,687,"'-02':4 '-1':2 '-29':5 '00':7,8 '11':9 '2020':3 'crmnw':1 't00':6",11
450,2020-02-29T00:00:00,BOYNW-1,388,"'-02':4 '-1':2 '-29':5 '00':7,8 '16':9 '2020':3 'boynw':1 't00':6",16
451,2020-02-29T00:00:00,THNTO-2,2091,"'-02':4 '-2':2 '-29':5 '00':7,8 '150':9 '2020':3 't00':6 'thnto':1",150
452,2020-02-29T00:00:00,GNFSW-2,1181,"'-02':4 '-2':2 '-29':5 '00':7,8 '2020':3 '65':9 'gnfsw':1 't00':6",65
453,2020-02-29T00:00:00,DOREW-2,843,"'-02':4 '-2':2 '-29':5 '00':7,8 '2020':3 '81':9 'dorew':1 't00':6",81
454,2020-02-29T00:00:00,CRMLW-1,674,"'-02':4 '-1':2 '-29':5 '00':7,8 '2020':3 '48':9 'crmlw':1 't00':6",48
455,2020-02-29T00:00:00,CLDNW-1,557,"'-02':4 '-1':2 '-29':5 '00':7,8 '187':9 '2020':3 'cldnw':1 't00':6",187
456,2020-02-29T00:00:00,FALGW-1,1012,"'-02':4 '-1':2 '-29':5 '00':7,8 '144':9 '2020':3 'falgw':1 't00':6",144
457,2020-02-29T00:00:00,GORDW-1,1194,"'-02':4 '-1':2 '-29':5 '00':7,8 '2020':3 '70':9 'gordw':1 't00':6",70
458,2020-02-29T00:00:00,DUNGW-1,895,"'-02':4 '-1':2 '-29':5 '00':7,8 '2020':3 '94':9 'dungw':1 't00':6",94
459,2020-02-29T00:00:00,CRMHW-1,661,"'-02':4 '-1':2 '-29':5 '00':7,8 '2020':3 '30':9 'crmhw':1 't00':6",30
460,2020-02-29T00:00:00,WLNYO-3,2260,"'-02':4 '-29':5 '-3':2 '00':7,8 '2020':3 '330':9 't00':6 'wlnyo':1",330
461,2020-02-29T00:00:00,STLGW-1,1987,"'-02':4 '-1':2 '-29':5 '0':9 '00':7,8 '2020':3 'stlgw':1 't00':6",0
462,2020-02-29T00:00:00,GRGBW-1,1207,"'-02':4 '-1':2 '-29':5 '00':7,8 '165':9 '2020':3 'grgbw':1 't00':6",165
463,2020-02-29T00:00:00,BTUIW-1,440,"'-02':4 '-1':2 '-29':5 '00':7,8 '2020':3 '30':9 'btuiw':1 't00':6",30
464,2020-02-29T00:00:00,CRGHW-1,648,"'-02':4 '-1':2 '-29':5 '00':7,8 '2020':3 '46':9 'crghw':1 't00':6",46
465,2020-02-29T00:00:00,BOWLW-1,375,"'-02':4 '-1':2 '-29':5 '00':7,8 '2020':3 '90':9 'bowlw':1 't00':6",90
466,2020-02-29T00:00:00,EDTRW-1,960,"'-02':4 '-1':2 '-29':5 '00':7,8 '14':9 '2020':3 'edtrw':1 't00':6",14
467,2020-02-29T00:00:00,GRGBW-2,1220,"'-02':4 '-2':2 '-29':5 '00':7,8 '165':9 '2020':3 'grgbw':1 't00':6",165
468,2020-02-29T00:00:00,FRBRW-1,1025,"'-02':4 '-1':2 '-29':5 '0':9 '00':7,8 '2020':3 'frbrw':1 't00':6",0
469,2020-02-29T00:00:00,COUWW-1,635,"'-02':4 '-1':2 '-29':5 '00':7,8 '2020':3 '21':9 'couww':1 't00':6",21
470,2020-02-29T00:00:00,CLDRW-1,570,"'-02':4 '-1':2 '-29':5 '0':9 '00':7,8 '2020':3 'cldrw':1 't00':6",0
471,2020-02-29T00:00:00,EAAO-2,921,"'-02':4 '-2':2 '-29':5 '0':9 '00':7,8 '2020':3 'eaao':1 't00':6",0
472,2020-02-29T00:00:00,GRGBW-3,1233,"'-02':4 '-29':5 '-3':2 '00':7,8 '165':9 '2020':3 'grgbw':1 't00':6",165
473,2020-02-29T00:00:00,DOREW-1,830,"'-02':4 '-1':2 '-29':5 '00':7,8 '2020':3 '96':9 'dorew':1 't00':6",96
474,2020-02-29T00:00:00,CNCLW-1,622,"'-02':4 '-1':2 '-29':5 '00':7,8 '2020':3 '30':9 'cnclw':1 't00':6",30
475,2020-02-29T00:00:00,CAUSW-1,505,"'-02':4 '-1':2 '-29':5 '00':7,8 '2020':3 '48':9 'causw':1 't00':6",48
476,2020-02-29T00:00:00,TLYMW-1,2104,"'-02':4 '-1':2 '-29':5 '0':9 '00':7,8 '2020':3 't00':6 'tlymw':1",0
477,2020-02-29T00:00:00,GRIFW-1,1246,"'-02':4 '-1':2 '-29':5 '00':7,8 '2020':3 '95':9 'grifw':1 't00':6",95
478,2020-02-29T00:00:00,ABRTW-1,24,"'-02':4 '-1':2 '-29':5 '00':7,8 '2020':3 '36':9 'abrtw':1 't00':6",36
479,2020-02-29T00:00:00,CMSTW-1,609,"'-02':4 '-1':2 '-29':5 '00':7,8 '2020':3 '50':9 'cmstw':1 't00':6",50
480,2020-02-29T00:00:00,BOULW-1,362,"'-02':4 '-1':2 '-29':5 '00':7,8 '14':9 '2020':3 'boulw':1 't00':6",14
481,2020-02-29T00:00:00,FSDLW-1,1038,"'-02':4 '-1':2 '-29':5 '00':7,8 '2020':3 '22':9 'fsdlw':1 't00':6",22
482,2020-02-29T00:00:00,GRIFW-2,1259,"'-02':4 '-2':2 '-29':5 '00':7,8 '2020':3 '95':9 'grifw':1 't00':6",95
483,2020-02-29T00:00:00,AKGLW-1,102,"'-02':4 '-1':2 '-29':5 '00':7,8 '2020':3 '48':9 'akglw':1 't00':6",48
484,2020-02-29T00:00:00,CLFLW-1,596,"'-02':4 '-1':2 '-29':5 '00':7,8 '15':9 '2020':3 'clflw':1 't00':6",15
485,2020-02-29T00:00:00,SHRSO-2,1974,"'-02':4 '-2':2 '-29':5 '00':7,8 '158':9 '2020':3 'shrso':1 't00':6",158
486,2020-02-29T00:00:00,CLDSW-1,583,"'-02':4 '-1':2 '-29':5 '00':7,8 '128':9 '2020':3 'cldsw':1 't00':6",128
487,2020-02-29T00:00:00,GYMRO-15,1272,"'-02':4 '-15':2 '-29':5 '00':7,8 '140':9 '2020':3 'gymro':1 't00':6",140
488,2020-02-29T00:00:00,DNLWW-1,817,"'-02':4 '-1':2 '-29':5 '00':7,8 '2020':3 '30':9 'dnlww':1 't00':6",30
489,2020-02-29T00:00:00,SHRSO-1,1961,"'-02':4 '-1':2 '-29':5 '00':7,8 '158':9 '2020':3 'shrso':1 't00':6",158
490,2020-02-29T00:00:00,BURBW-1,466,"'-02':4 '-1':2 '-29':5 '00':7,8 '2020':3 '90':9 'burbw':1 't00':6",90
491,2020-02-29T00:00:00,AFTOW-1,76,"'-02':4 '-1':2 '-29':5 '00':7,8 '2020':3 '50':9 'aftow':1 't00':6",50
492,2020-02-29T00:00:00,GYMRO-17,1285,"'-02':4 '-17':2 '-29':5 '00':7,8 '138':9 '2020':3 'gymro':1 't00':6",138
493,2020-02-29T00:00:00,TDBNW-1,2065,"'-02':4 '-1':2 '-29':5 '00':7,8 '2020':3 '28':9 't00':6 'tdbnw':1",28
494,2020-02-29T00:00:00,WLNYO-2,2247,"'-02':4 '-2':2 '-29':5 '00':7,8 '183':9 '2020':3 't00':6 'wlnyo':1",183
495,2020-02-29T00:00:00,BNWKW-1,349,"'-02':4 '-1':2 '-29':5 '00':7,8 '15':9 '2020':3 'bnwkw':1 't00':6",15
496,2020-02-29T00:00:00,ANSUW-1,128,"'-02':4 '-1':2 '-29':5 '0':9 '00':7,8 '2020':3 'ansuw':1 't00':6",0
497,2020-02-29T00:00:00,GYMRO-26,1298,"'-02':4 '-26':2 '-29':5 '00':7,8 '140':9 '2020':3 'gymro':1 't00':6",140
498,2020-02-29T00:00:00,GAOFO-1,1051,"'-02':4 '-1':2 '-29':5 '00':7,8 '2020':3 '88':9 'gaofo':1 't00':6",88
499,2020-02-29T00:00:00,SANQW-1,1948,"'-02':4 '-1':2 '-29':5 '00':7,8 '2020':3 '32':9 'sanqw':1 't00':6",32
500,2020-02-29T00:00:00,RSHLW-1,1935,"'-02':4 '-1':2 '-29':5 '00':7,8 '2020':3 '24':9 'rshlw':1 't00':6",24
501,2020-02-29T00:00:00,TMNCW-1,2117,"'-02':4 '-1':2 '-29':5 '00':7,8 '2020':3 '39':9 't00':6 'tmncw':1",39
502,2020-02-29T00:00:00,GYMRO-28,1311,"'-02':4 '-28':2 '-29':5 '00':7,8 '144':9 '2020':3 'gymro':1 't00':6",144
503,2020-02-29T00:00:00,DUMMW-1,882,"'-02':4 '-1':2 '-29':5 '00':7,8 '10':9 '2020':3 'dummw':1 't00':6",10
504,2020-02-29T00:00:00,RRWW-1,1922,"'-02':4 '-1':2 '-29':5 '00':7,8 '2020':3 '90':9 'rrww':1 't00':6",90
505,2020-02-29T00:00:00,DEUCW-1,804,"'-02':4 '-1':2 '-29':5 '00':7,8 '15':9 '2020':3 'deucw':1 't00':6",15
506,2020-02-29T00:00:00,BRYBW-1,427,"'-02':4 '-1':2 '-29':5 '00':7,8 '2020':3 '67':9 'brybw':1 't00':6",67
507,2020-02-29T00:00:00,HADHW-1,1324,"'-02':4 '-1':2 '-29':5 '00':7,8 '2020':3 '99':9 'hadhw':1 't00':6",99
508,2020-02-29T00:00:00,EWHLW-1,973,"'-02':4 '-1':2 '-29':5 '00':7,8 '2020':3 '35':9 'ewhlw':1 't00':6",35
509,2020-02-29T00:00:00,ARCHW-1,141,"'-02':4 '-1':2 '-29':5 '00':7,8 '114':9 '2020':3 'archw':1 't00':6",114
510,2020-02-29T00:00:00,BNAKW-1,336,"'-02':4 '-1':2 '-29':5 '00':7,8 '2020':3 '28':9 'bnakw':1 't00':6",28
511,2020-02-29T00:00:00,RREW-1,1909,"'-02':4 '-1':2 '-29':5 '00':7,8 '2020':3 '84':9 'rrew':1 't00':6",84
512,2020-02-29T00:00:00,HAWFW-1,1337,"'-02':4 '-1':2 '-29':5 '00':7,8 '15':9 '2020':3 'hawfw':1 't00':6",15
513,2020-02-29T00:00:00,GAOFO-2,1064,"'-02':4 '-2':2 '-29':5 '00':7,8 '2020':3 '88':9 'gaofo':1 't00':6",88
514,2020-02-29T00:00:00,RMPNO-2,1896,"'-02':4 '-2':2 '-29':5 '00':7,8 '200':9 '2020':3 'rmpno':1 't00':6",200
515,2020-02-29T00:00:00,WISTW-2,2234,"'-02':4 '-2':2 '-29':5 '00':7,8 '2020':3 '62':9 't00':6 'wistw':1",62
516,2020-02-29T00:00:00,RMPNO-1,1883,"'-02':4 '-1':2 '-29':5 '00':7,8 '200':9 '2020':3 'rmpno':1 't00':6",200
517,2020-02-29T00:00:00,HBHDW-1,1350,"'-02':4 '-1':2 '-29':5 '00':7,8 '2020':3 '52':9 'hbhdw':1 't00':6",52
518,2020-02-29T00:00:00,STRNW-1,2039,"'-02':4 '-1':2 '-29':5 '00':7,8 '2020':3 '67':9 'strnw':1 't00':6",67
519,2020-02-29T00:00:00,ASHWW-1,154,"'-02':4 '-1':2 '-29':5 '00':7,8 '2020':3 '35':9 'ashww':1 't00':6",35
520,2020-02-29T00:00:00,DDGNO-4,791,"'-02':4 '-29':5 '-4':2 '00':7,8 '102':9 '2020':3 'ddgno':1 't00':6",102
521,2020-02-29T00:00:00,RCBKO-2,1870,"'-02':4 '-2':2 '-29':5 '00':7,8 '2020':3 '286':9 'rcbko':1 't00':6",286
522,2020-02-29T00:00:00,HLGLW-1,1363,"'-02':4 '-1':2 '-29':5 '00':7,8 '2020':3 '27':9 'hlglw':1 't00':6",27
523,2020-02-29T00:00:00,STLGW-3,2013,"'-02':4 '-29':5 '-3':2 '0':9 '00':7,8 '2020':3 'stlgw':1 't00':6",0
524,2020-02-29T00:00:00,ACHLW-1,37,"'-02':4 '-1':2 '-29':5 '0':9 '00':7,8 '2020':3 'achlw':1 't00':6",0
525,2020-02-29T00:00:00,BLLA-2,323,"'-02':4 '-2':2 '-29':5 '00':7,8 '2020':3 '60':9 'blla':1 't00':6",60
526,2020-02-29T00:00:00,TMWLW-1,2130,"'-02':4 '-1':2 '-29':5 '00':7,8 '16':9 '2020':3 't00':6 'tmwlw':1",16
527,2020-02-29T00:00:00,HLTWW-1,1376,"'-02':4 '-1':2 '-29':5 '00':7,8 '2020':3 '48':9 'hltww':1 't00':6",48
528,2020-02-29T00:00:00,CDWTW-1,518,"'-02':4 '-1':2 '-29':5 '00':7,8 '2020':3 '32':9 'cdwtw':1 't00':6",32
529,2020-02-29T00:00:00,RCBKO-1,1857,"'-02':4 '-1':2 '-29':5 '00':7,8 '2020':3 '279':9 'rcbko':1 't00':6",279
530,2020-02-29T00:00:00,PTLDW-1,1844,"'-02':4 '-1':2 '-29':5 '00':7,8 '13':9 '2020':3 'ptldw':1 't00':6",13
531,2020-02-29T00:00:00,GAOFO-3,1077,"'-02':4 '-29':5 '-3':2 '00':7,8 '2020':3 '88':9 'gaofo':1 't00':6",88
532,2020-02-29T00:00:00,HMGTO-1,1389,"'-02':4 '-1':2 '-29':5 '00':7,8 '108':9 '2020':3 'hmgto':1 't00':6",108
533,2020-02-29T00:00:00,DRSLW-1,869,"'-02':4 '-1':2 '-29':5 '00':7,8 '2020':3 '69':9 'drslw':1 't00':6",69
534,2020-03-01T00:00:00,CLDSW-1,584,"'-01':5 '-03':4 '-1':2 '00':7,8 '128':9 '2020':3 'cldsw':1 't00':6",128
535,2020-03-01T00:00:00,EARBW-1,935,"'-01':5 '-03':4 '-1':2 '00':7,8 '2020':3 '35':9 'earbw':1 't00':6",35
536,2020-03-01T00:00:00,EDINW-1,948,"'-01':5 '-03':4 '-1':2 '00':7,8 '2020':3 '42':9 'edinw':1 't00':6",42
537,2020-03-01T00:00:00,EDTRW-1,961,"'-01':5 '-03':4 '-1':2 '00':7,8 '14':9 '2020':3 'edtrw':1 't00':6",14
538,2020-03-01T00:00:00,BTUIW-2,454,"'-01':5 '-03':4 '-2':2 '00':7,8 '2020':3 '44':9 'btuiw':1 't00':6",44
539,2020-03-01T00:00:00,EWHLW-1,974,"'-01':5 '-03':4 '-1':2 '00':7,8 '2020':3 '35':9 'ewhlw':1 't00':6",35
540,2020-03-01T00:00:00,FAARW-1,987,"'-01':5 '-03':4 '-1':2 '00':7,8 '2020':3 '46':9 'faarw':1 't00':6",46
541,2020-03-01T00:00:00,TANGW-1,2053,"'-01':5 '-03':4 '-1':2 '00':7,8 '16':9 '2020':3 't00':6 'tangw':1",16
542,2020-03-01T00:00:00,FAARW-2,1000,"'-01':5 '-03':4 '-2':2 '00':7,8 '2020':3 '46':9 'faarw':1 't00':6",46
543,2020-03-01T00:00:00,BTUIW-1,441,"'-01':5 '-03':4 '-1':2 '00':7,8 '2020':3 '30':9 'btuiw':1 't00':6",30
544,2020-03-01T00:00:00,FALGW-1,1013,"'-01':5 '-03':4 '-1':2 '00':7,8 '144':9 '2020':3 'falgw':1 't00':6",144
545,2020-03-01T00:00:00,AIRSW-1,90,"'-01':5 '-03':4 '-1':2 '00':7,8 '2020':3 '35':9 'airsw':1 't00':6",35
546,2020-03-01T00:00:00,FRBRW-1,1026,"'-01':5 '-03':4 '-1':2 '0':9 '00':7,8 '2020':3 'frbrw':1 't00':6",0
547,2020-03-01T00:00:00,FSDLW-1,1039,"'-01':5 '-03':4 '-1':2 '00':7,8 '2020':3 '22':9 'fsdlw':1 't00':6",22
548,2020-03-01T00:00:00,BRYBW-1,428,"'-01':5 '-03':4 '-1':2 '00':7,8 '2020':3 '67':9 'brybw':1 't00':6",67
549,2020-03-01T00:00:00,GAOFO-1,1052,"'-01':5 '-03':4 '-1':2 '00':7,8 '2020':3 '88':9 'gaofo':1 't00':6",88
550,2020-03-01T00:00:00,TDBNW-1,2066,"'-01':5 '-03':4 '-1':2 '00':7,8 '2020':3 '28':9 't00':6 'tdbnw':1",28
551,2020-03-01T00:00:00,GAOFO-2,1065,"'-01':5 '-03':4 '-2':2 '00':7,8 '2020':3 '88':9 'gaofo':1 't00':6",88
552,2020-03-01T00:00:00,GAOFO-3,1078,"'-01':5 '-03':4 '-3':2 '00':7,8 '2020':3 '88':9 'gaofo':1 't00':6",88
553,2020-03-01T00:00:00,BRDUW-1,415,"'-01':5 '-03':4 '-1':2 '00':7,8 '2020':3 '72':9 'brduw':1 't00':6",72
554,2020-03-01T00:00:00,GAOFO-4,1091,"'-01':5 '-03':4 '-4':2 '00':7,8 '2020':3 '88':9 'gaofo':1 't00':6",88
555,2020-03-01T00:00:00,GDSTW-1,1104,"'-01':5 '-03':4 '-1':2 '00':7,8 '13':9 '2020':3 'gdstw':1 't00':6",13
556,2020-03-01T00:00:00,GLCHW-1,1117,"'-01':5 '-03':4 '-1':2 '00':7,8 '2020':3 '25':9 'glchw':1 't00':6",25
557,2020-03-01T00:00:00,BRBEO-1,402,"'-01':5 '-03':4 '-1':2 '00':7,8 '2020':3 '252':9 'brbeo':1 't00':6",252
558,2020-03-01T00:00:00,THNTO-1,2079,"'-01':5 '-03':4 '-1':2 '00':7,8 '150':9 '2020':3 't00':6 'thnto':1",150
559,2020-03-01T00:00:00,GLOFW-1,1130,"'-01':5 '-03':4 '-1':2 '00':7,8 '2020':3 '26':9 'glofw':1 't00':6",26
560,2020-03-01T00:00:00,GLWSW-1,1143,"'-01':5 '-03':4 '-1':2 '00':7,8 '2020':3 '55':9 'glwsw':1 't00':6",55
561,2020-03-01T00:00:00,GNAPW-1,1156,"'-01':5 '-03':4 '-1':2 '00':7,8 '2020':3 '22':9 'gnapw':1 't00':6",22
562,2020-03-01T00:00:00,BOYNW-1,389,"'-01':5 '-03':4 '-1':2 '00':7,8 '16':9 '2020':3 'boynw':1 't00':6",16
563,2020-03-01T00:00:00,GNFSW-1,1169,"'-01':5 '-03':4 '-1':2 '00':7,8 '100':9 '2020':3 'gnfsw':1 't00':6",100
564,2020-03-01T00:00:00,GNFSW-2,1182,"'-01':5 '-03':4 '-2':2 '00':7,8 '2020':3 '65':9 'gnfsw':1 't00':6",65
565,2020-03-01T00:00:00,THNTO-2,2092,"'-01':5 '-03':4 '-2':2 '00':7,8 '150':9 '2020':3 't00':6 'thnto':1",150
566,2020-03-01T00:00:00,GORDW-1,1195,"'-01':5 '-03':4 '-1':2 '00':7,8 '2020':3 '70':9 'gordw':1 't00':6",70
567,2020-03-01T00:00:00,BOWLW-1,376,"'-01':5 '-03':4 '-1':2 '00':7,8 '2020':3 '90':9 'bowlw':1 't00':6",90
568,2020-03-01T00:00:00,GRGBW-1,1208,"'-01':5 '-03':4 '-1':2 '00':7,8 '165':9 '2020':3 'grgbw':1 't00':6",165
569,2020-03-01T00:00:00,AFTOW-1,77,"'-01':5 '-03':4 '-1':2 '00':7,8 '2020':3 '50':9 'aftow':1 't00':6",50
570,2020-03-01T00:00:00,GRGBW-2,1221,"'-01':5 '-03':4 '-2':2 '00':7,8 '165':9 '2020':3 'grgbw':1 't00':6",165
571,2020-03-01T00:00:00,WLNYO-4,2274,"'-01':5 '-03':4 '-4':2 '00':7,8 '2020':3 '329':9 't00':6 'wlnyo':1",329
572,2020-03-01T00:00:00,GRGBW-3,1234,"'-01':5 '-03':4 '-3':2 '00':7,8 '165':9 '2020':3 'grgbw':1 't00':6",165
573,2020-03-01T00:00:00,BOULW-1,363,"'-01':5 '-03':4 '-1':2 '00':7,8 '14':9 '2020':3 'boulw':1 't00':6",14
574,2020-03-01T00:00:00,GRIFW-1,1247,"'-01':5 '-03':4 '-1':2 '00':7,8 '2020':3 '95':9 'grifw':1 't00':6",95
575,2020-03-01T00:00:00,TLYMW-1,2105,"'-01':5 '-03':4 '-1':2 '0':9 '00':7,8 '2020':3 't00':6 'tlymw':1",0
576,2020-03-01T00:00:00,GRIFW-2,1260,"'-01':5 '-03':4 '-2':2 '00':7,8 '2020':3 '95':9 'grifw':1 't00':6",95
577,2020-03-01T00:00:00,GYMRO-15,1273,"'-01':5 '-03':4 '-15':2 '00':7,8 '140':9 '2020':3 'gymro':1 't00':6",140
578,2020-03-01T00:00:00,BNWKW-1,350,"'-01':5 '-03':4 '-1':2 '00':7,8 '15':9 '2020':3 'bnwkw':1 't00':6",15
579,2020-03-01T00:00:00,GYMRO-17,1286,"'-01':5 '-03':4 '-17':2 '00':7,8 '138':9 '2020':3 'gymro':1 't00':6",138
580,2020-03-01T00:00:00,GYMRO-26,1299,"'-01':5 '-03':4 '-26':2 '00':7,8 '140':9 '2020':3 'gymro':1 't00':6",140
581,2020-03-01T00:00:00,GYMRO-28,1312,"'-01':5 '-03':4 '-28':2 '00':7,8 '144':9 '2020':3 'gymro':1 't00':6",144
582,2020-03-01T00:00:00,BNAKW-1,337,"'-01':5 '-03':4 '-1':2 '00':7,8 '2020':3 '28':9 'bnakw':1 't00':6",28
583,2020-03-01T00:00:00,TMNCW-1,2118,"'-01':5 '-03':4 '-1':2 '00':7,8 '2020':3 '39':9 't00':6 'tmncw':1",39
584,2020-03-01T00:00:00,HADHW-1,1325,"'-01':5 '-03':4 '-1':2 '00':7,8 '2020':3 '99':9 'hadhw':1 't00':6",99
585,2020-03-01T00:00:00,HAWFW-1,1338,"'-01':5 '-03':4 '-1':2 '00':7,8 '15':9 '2020':3 'hawfw':1 't00':6",15
586,2020-03-01T00:00:00,HBHDW-1,1351,"'-01':5 '-03':4 '-1':2 '00':7,8 '2020':3 '52':9 'hbhdw':1 't00':6",52
587,2020-03-01T00:00:00,BLLA-2,324,"'-01':5 '-03':4 '-2':2 '00':7,8 '2020':3 '60':9 'blla':1 't00':6",60
588,2020-03-01T00:00:00,HLGLW-1,1364,"'-01':5 '-03':4 '-1':2 '00':7,8 '2020':3 '27':9 'hlglw':1 't00':6",27
589,2020-03-01T00:00:00,HLTWW-1,1377,"'-01':5 '-03':4 '-1':2 '00':7,8 '2020':3 '48':9 'hltww':1 't00':6",48
590,2020-03-01T00:00:00,TMWLW-1,2131,"'-01':5 '-03':4 '-1':2 '00':7,8 '16':9 '2020':3 't00':6 'tmwlw':1",16
591,2020-03-01T00:00:00,HMGTO-1,1390,"'-01':5 '-03':4 '-1':2 '00':7,8 '108':9 '2020':3 'hmgto':1 't00':6",108
592,2020-03-01T00:00:00,BLLA-1,311,"'-01':5 '-03':4 '-1':2 '00':7,8 '118':9 '2020':3 'blla':1 't00':6",118
593,2020-03-01T00:00:00,HMGTO-2,1403,"'-01':5 '-03':4 '-2':2 '00':7,8 '111':9 '2020':3 'hmgto':1 't00':6",111
594,2020-03-01T00:00:00,ACHYW-1,64,"'-01':5 '-03':4 '-1':2 '00':7,8 '2020':3 '38':9 'achyw':1 't00':6",38
595,2020-03-01T00:00:00,HOWAO-1,1416,"'-01':5 '-03':4 '-1':2 '00':7,8 '2020':3 '400':9 'howao':1 't00':6",400
596,2020-03-01T00:00:00,HOWAO-2,1429,"'-01':5 '-03':4 '-2':2 '00':7,8 '2020':3 '400':9 'howao':1 't00':6",400
597,2020-03-01T00:00:00,BLKWW-1,298,"'-01':5 '-03':4 '-1':2 '00':7,8 '2020':3 '53':9 'blkww':1 't00':6",53
598,2020-03-01T00:00:00,HOWAO-3,1442,"'-01':5 '-03':4 '-3':2 '00':7,8 '2020':3 '371':9 'howao':1 't00':6",371
599,2020-03-01T00:00:00,TULWW-1,2144,"'-01':5 '-03':4 '-1':2 '00':7,8 '17':9 '2020':3 't00':6 'tulww':1",17
600,2020-03-01T00:00:00,HRHLW-1,1455,"'-01':5 '-03':4 '-1':2 '00':7,8 '2020':3 '30':9 'hrhlw':1 't00':6",30
601,2020-03-01T00:00:00,HRSTW-1,1468,"'-01':5 '-03':4 '-1':2 '00':7,8 '125':9 '2020':3 'hrstw':1 't00':6",125
602,2020-03-01T00:00:00,BHLAW-1,285,"'-01':5 '-03':4 '-1':2 '00':7,8 '108':9 '2020':3 'bhlaw':1 't00':6",108
603,2020-03-01T00:00:00,HYWDW-1,1481,"'-01':5 '-03':4 '-1':2 '00':7,8 '2020':3 '30':9 'hywdw':1 't00':6",30
604,2020-03-01T00:00:00,KILBW-1,1494,"'-01':5 '-03':4 '-1':2 '00':7,8 '2020':3 '67':9 'kilbw':1 't00':6",67
605,2020-03-01T00:00:00,KINCW-1,1507,"'-01':5 '-03':4 '-1':2 '0':9 '00':7,8 '2020':3 'kincw':1 't00':6",0
606,2020-03-01T00:00:00,BGLAW-1,272,"'-01':5 '-03':4 '-1':2 '00':7,8 '2020':3 '8':9 'bglaw':1 't00':6",8
607,2020-03-01T00:00:00,TULWW-2,2157,"'-01':5 '-03':4 '-2':2 '00':7,8 '2020':3 '25':9 't00':6 'tulww':1",25
608,2020-03-01T00:00:00,KLDMW-1,1520,"'-01':5 '-03':4 '-1':2 '00':7,8 '18':9 '2020':3 'kldmw':1 't00':6",18
609,2020-03-01T00:00:00,KLGLW-1,1533,"'-01':5 '-03':4 '-1':2 '00':7,8 '2020':3 '228':9 'klglw':1 't00':6",228
610,2020-03-01T00:00:00,KPMRW-1,1546,"'-01':5 '-03':4 '-1':2 '00':7,8 '2020':3 '88':9 'kpmrw':1 't00':6",88
611,2020-03-01T00:00:00,BETHW-1,259,"'-01':5 '-03':4 '-1':2 '00':7,8 '2020':3 '30':9 'bethw':1 't00':6",30
612,2020-03-01T00:00:00,WLNYW-1,2287,"'-01':5 '-03':4 '-1':2 '00':7,8 '183':9 '2020':3 't00':6 'wlnyw':1",183
613,2020-03-01T00:00:00,KTHLW-1,1559,"'-01':5 '-03':4 '-1':2 '0':9 '00':7,8 '2020':3 'kthlw':1 't00':6",0
614,2020-03-01T00:00:00,LARYO-1,1572,"'-01':5 '-03':4 '-1':2 '00':7,8 '154':9 '2020':3 'laryo':1 't00':6",154
615,2020-03-01T00:00:00,WDNSO-1,2170,"'-01':5 '-03':4 '-1':2 '00':7,8 '191':9 '2020':3 't00':6 'wdnso':1",191
616,2020-03-01T00:00:00,LARYO-2,1585,"'-01':5 '-03':4 '-2':2 '00':7,8 '158':9 '2020':3 'laryo':1 't00':6",158
617,2020-03-01T00:00:00,BEINW-1,246,"'-01':5 '-03':4 '-1':2 '00':7,8 '109':9 '2020':3 'beinw':1 't00':6",109
618,2020-03-01T00:00:00,LARYO-3,1598,"'-01':5 '-03':4 '-3':2 '00':7,8 '158':9 '2020':3 'laryo':1 't00':6",158
619,2020-03-01T00:00:00,ACHRW-1,51,"'-01':5 '-03':4 '-1':2 '00':7,8 '2020':3 '43':9 'achrw':1 't00':6",43
620,2020-03-01T00:00:00,LARYO-4,1611,"'-01':5 '-03':4 '-4':2 '00':7,8 '158':9 '2020':3 'laryo':1 't00':6",158
621,2020-03-01T00:00:00,LCLTW-1,1624,"'-01':5 '-03':4 '-1':2 '0':9 '00':7,8 '2020':3 'lcltw':1 't00':6",0
622,2020-03-01T00:00:00,BEATO-4,233,"'-01':5 '-03':4 '-4':2 '00':7,8 '168':9 '2020':3 'beato':1 't00':6",168
623,2020-03-01T00:00:00,LGPKW-1,1637,"'-01':5 '-03':4 '-1':2 '00':7,8 '2020':3 '38':9 'lgpkw':1 't00':6",38
624,2020-03-01T00:00:00,WDNSO-2,2183,"'-01':5 '-03':4 '-2':2 '00':7,8 '191':9 '2020':3 't00':6 'wdnso':1",191
625,2020-03-01T00:00:00,LNCSO-1,1650,"'-01':5 '-03':4 '-1':2 '00':7,8 '130':9 '2020':3 'lncso':1 't00':6",130
626,2020-03-01T00:00:00,LNCSO-2,1663,"'-01':5 '-03':4 '-2':2 '00':7,8 '140':9 '2020':3 'lncso':1 't00':6",140
627,2020-03-01T00:00:00,BEATO-3,220,"'-01':5 '-03':4 '-3':2 '00':7,8 '168':9 '2020':3 'beato':1 't00':6",168
628,2020-03-01T00:00:00,MDHLW-1,1676,"'-01':5 '-03':4 '-1':2 '00':7,8 '2020':3 '76':9 'mdhlw':1 't00':6",76
629,2020-03-01T00:00:00,ABRBO-1,12,"'-01':5 '-03':4 '-1':2 '0':9 '00':7,8 '2020':3 'abrbo':1 't00':6",0
630,2020-03-01T00:00:00,MIDMW-1,1689,"'-01':5 '-03':4 '-1':2 '00':7,8 '2020':3 '51':9 'midmw':1 't00':6",51
631,2020-03-01T00:00:00,MILWW-1,1702,"'-01':5 '-03':4 '-1':2 '00':7,8 '2020':3 '65':9 'milww':1 't00':6",65
632,2020-03-01T00:00:00,BEATO-2,207,"'-01':5 '-03':4 '-2':2 '00':7,8 '126':9 '2020':3 'beato':1 't00':6",126
633,2020-03-01T00:00:00,WHIHW-1,2196,"'-01':5 '-03':4 '-1':2 '00':7,8 '2020':3 '27':9 't00':6 'whihw':1",27
634,2020-03-01T00:00:00,MINSW-1,1715,"'-01':5 '-03':4 '-1':2 '00':7,8 '2020':3 '37':9 'minsw':1 't00':6",37
635,2020-03-01T00:00:00,MKHLW-1,1728,"'-01':5 '-03':4 '-1':2 '00':7,8 '2020':3 '53':9 'mkhlw':1 't00':6",53
636,2020-03-01T00:00:00,MOYEW-1,1741,"'-01':5 '-03':4 '-1':2 '00':7,8 '2020':3 '45':9 'moyew':1 't00':6",45
637,2020-03-01T00:00:00,BEATO-1,194,"'-01':5 '-03':4 '-1':2 '00':7,8 '126':9 '2020':3 'beato':1 't00':6",126
638,2020-03-01T00:00:00,WTMSO-1,2313,"'-01':5 '-03':4 '-1':2 '00':7,8 '2020':3 '206':9 't00':6 'wtmso':1",206
639,2020-03-01T00:00:00,MYGPW-1,1754,"'-01':5 '-03':4 '-1':2 '00':7,8 '2020':3 '25':9 'mygpw':1 't00':6",25
640,2020-03-01T00:00:00,NOVAW-1,1767,"'-01':5 '-03':4 '-1':2 '00':7,8 '17':9 '2020':3 'novaw':1 't00':6",17
641,2020-03-01T00:00:00,WHILW-1,2209,"'-01':5 '-03':4 '-1':2 '00':7,8 '2020':3 '305':9 't00':6 'whilw':1",305
642,2020-03-01T00:00:00,NOVAW-2,1780,"'-01':5 '-03':4 '-2':2 '00':7,8 '2020':3 '37':9 'novaw':1 't00':6",37
643,2020-03-01T00:00:00,BDCHW-1,181,"'-01':5 '-03':4 '-1':2 '00':7,8 '2020':3 '25':9 'bdchw':1 't00':6",25
644,2020-03-01T00:00:00,OMNDO-1,1793,"'-01':5 '-03':4 '-1':2 '00':7,8 '150':9 '2020':3 'omndo':1 't00':6",150
645,2020-03-01T00:00:00,ACHLW-1,38,"'-01':5 '-03':4 '-1':2 '0':9 '00':7,8 '2020':3 'achlw':1 't00':6",0
646,2020-03-01T00:00:00,PAUHW-1,1806,"'-01':5 '-03':4 '-1':2 '00':7,8 '2020':3 '65':9 'pauhw':1 't00':6",65
647,2020-03-01T00:00:00,PGBIW-1,1819,"'-01':5 '-03':4 '-1':2 '0':9 '00':7,8 '2020':3 'pgbiw':1 't00':6",0
648,2020-03-01T00:00:00,BABAW-1,168,"'-01':5 '-03':4 '-1':2 '00':7,8 '2020':3 '53':9 'babaw':1 't00':6",53
649,2020-03-01T00:00:00,PNYCW-1,1832,"'-01':5 '-03':4 '-1':2 '00':7,8 '2020':3 '228':9 'pnycw':1 't00':6",228
650,2020-03-01T00:00:00,WHILW-2,2222,"'-01':5 '-03':4 '-2':2 '00':7,8 '2020':3 '206':9 't00':6 'whilw':1",206
651,2020-03-01T00:00:00,PTLDW-1,1845,"'-01':5 '-03':4 '-1':2 '00':7,8 '13':9 '2020':3 'ptldw':1 't00':6",13
652,2020-03-01T00:00:00,RCBKO-1,1858,"'-01':5 '-03':4 '-1':2 '00':7,8 '2020':3 '279':9 'rcbko':1 't00':6",279
653,2020-03-01T00:00:00,ASHWW-1,155,"'-01':5 '-03':4 '-1':2 '00':7,8 '2020':3 '35':9 'ashww':1 't00':6",35
654,2020-03-01T00:00:00,RCBKO-2,1871,"'-01':5 '-03':4 '-2':2 '00':7,8 '2020':3 '286':9 'rcbko':1 't00':6",286
655,2020-03-01T00:00:00,WTGRW-1,2300,"'-01':5 '-03':4 '-1':2 '0':9 '00':7,8 '2020':3 't00':6 'wtgrw':1",0
656,2020-03-01T00:00:00,RMPNO-1,1884,"'-01':5 '-03':4 '-1':2 '00':7,8 '200':9 '2020':3 'rmpno':1 't00':6",200
657,2020-03-01T00:00:00,RMPNO-2,1897,"'-01':5 '-03':4 '-2':2 '00':7,8 '200':9 '2020':3 'rmpno':1 't00':6",200
658,2020-03-01T00:00:00,ARCHW-1,142,"'-01':5 '-03':4 '-1':2 '00':7,8 '114':9 '2020':3 'archw':1 't00':6",114
659,2020-03-01T00:00:00,WISTW-2,2235,"'-01':5 '-03':4 '-2':2 '00':7,8 '2020':3 '62':9 't00':6 'wistw':1",62
660,2020-03-01T00:00:00,RREW-1,1910,"'-01':5 '-03':4 '-1':2 '00':7,8 '2020':3 '84':9 'rrew':1 't00':6",84
661,2020-03-01T00:00:00,RRWW-1,1923,"'-01':5 '-03':4 '-1':2 '00':7,8 '2020':3 '90':9 'rrww':1 't00':6",90
662,2020-03-01T00:00:00,RSHLW-1,1936,"'-01':5 '-03':4 '-1':2 '00':7,8 '2020':3 '24':9 'rshlw':1 't00':6",24
663,2020-03-01T00:00:00,ANSUW-1,129,"'-01':5 '-03':4 '-1':2 '0':9 '00':7,8 '2020':3 'ansuw':1 't00':6",0
664,2020-03-01T00:00:00,SANQW-1,1949,"'-01':5 '-03':4 '-1':2 '00':7,8 '2020':3 '32':9 'sanqw':1 't00':6",32
665,2020-03-01T00:00:00,SHRSO-1,1962,"'-01':5 '-03':4 '-1':2 '00':7,8 '158':9 '2020':3 'shrso':1 't00':6",158
666,2020-03-01T00:00:00,WLNYO-2,2248,"'-01':5 '-03':4 '-2':2 '00':7,8 '183':9 '2020':3 't00':6 'wlnyo':1",183
667,2020-03-01T00:00:00,STRNW-1,2040,"'-01':5 '-03':4 '-1':2 '00':7,8 '2020':3 '67':9 'strnw':1 't00':6",67
668,2020-03-01T00:00:00,CLFLW-1,597,"'-01':5 '-03':4 '-1':2 '00':7,8 '15':9 '2020':3 'clflw':1 't00':6",15
669,2020-03-01T00:00:00,SHRSO-2,1975,"'-01':5 '-03':4 '-2':2 '00':7,8 '158':9 '2020':3 'shrso':1 't00':6",158
670,2020-03-01T00:00:00,CMSTW-1,610,"'-01':5 '-03':4 '-1':2 '00':7,8 '2020':3 '50':9 'cmstw':1 't00':6",50
671,2020-03-01T00:00:00,CLDRW-1,571,"'-01':5 '-03':4 '-1':2 '0':9 '00':7,8 '2020':3 'cldrw':1 't00':6",0
672,2020-03-01T00:00:00,CNCLW-1,623,"'-01':5 '-03':4 '-1':2 '00':7,8 '2020':3 '30':9 'cnclw':1 't00':6",30
673,2020-03-01T00:00:00,AKGLW-2,116,"'-01':5 '-03':4 '-2':2 '00':7,8 '2020':3 '64':9 'akglw':1 't00':6",64
674,2020-03-01T00:00:00,COUWW-1,636,"'-01':5 '-03':4 '-1':2 '00':7,8 '2020':3 '21':9 'couww':1 't00':6",21
675,2020-03-01T00:00:00,CRGHW-1,649,"'-01':5 '-03':4 '-1':2 '00':7,8 '2020':3 '46':9 'crghw':1 't00':6",46
676,2020-03-01T00:00:00,CLDNW-1,558,"'-01':5 '-03':4 '-1':2 '00':7,8 '187':9 '2020':3 'cldnw':1 't00':6",187
677,2020-03-01T00:00:00,CRMHW-1,662,"'-01':5 '-03':4 '-1':2 '00':7,8 '2020':3 '30':9 'crmhw':1 't00':6",30
678,2020-03-01T00:00:00,STLGW-1,1988,"'-01':5 '-03':4 '-1':2 '0':9 '00':7,8 '2020':3 'stlgw':1 't00':6",0
679,2020-03-01T00:00:00,CRMLW-1,675,"'-01':5 '-03':4 '-1':2 '00':7,8 '2020':3 '48':9 'crmlw':1 't00':6",48
680,2020-03-01T00:00:00,CRMNW-1,688,"'-01':5 '-03':4 '-1':2 '00':7,8 '11':9 '2020':3 'crmnw':1 't00':6",11
681,2020-03-01T00:00:00,CLDCW-1,545,"'-01':5 '-03':4 '-1':2 '00':7,8 '187':9 '2020':3 'cldcw':1 't00':6",187
682,2020-03-01T00:00:00,CRYRW-1,701,"'-01':5 '-03':4 '-1':2 '00':7,8 '2020':3 '62':9 'cryrw':1 't00':6",62
683,2020-03-01T00:00:00,ABRTW-1,25,"'-01':5 '-03':4 '-1':2 '00':7,8 '2020':3 '36':9 'abrtw':1 't00':6",36
684,2020-03-01T00:00:00,CRYRW-2,714,"'-01':5 '-03':4 '-2':2 '00':7,8 '138':9 '2020':3 'cryrw':1 't00':6",138
685,2020-03-01T00:00:00,CRYRW-3,727,"'-01':5 '-03':4 '-3':2 '00':7,8 '14':9 '2020':3 'cryrw':1 't00':6",14
686,2020-03-01T00:00:00,CGTHW-1,532,"'-01':5 '-03':4 '-1':2 '00':7,8 '2020':3 '35':9 'cgthw':1 't00':6",35
687,2020-03-01T00:00:00,STLGW-2,2001,"'-01':5 '-03':4 '-2':2 '0':9 '00':7,8 '2020':3 'stlgw':1 't00':6",0
688,2020-03-01T00:00:00,DALSW-1,740,"'-01':5 '-03':4 '-1':2 '00':7,8 '2020':3 '30':9 'dalsw':1 't00':6",30
689,2020-03-01T00:00:00,DDGNO-1,753,"'-01':5 '-03':4 '-1':2 '00':7,8 '108':9 '2020':3 'ddgno':1 't00':6",108
690,2020-03-01T00:00:00,DDGNO-2,766,"'-01':5 '-03':4 '-2':2 '00':7,8 '2020':3 '90':9 'ddgno':1 't00':6",90
691,2020-03-01T00:00:00,CDWTW-1,519,"'-01':5 '-03':4 '-1':2 '00':7,8 '2020':3 '32':9 'cdwtw':1 't00':6",32
692,2020-03-01T00:00:00,DDGNO-3,779,"'-01':5 '-03':4 '-3':2 '00':7,8 '102':9 '2020':3 'ddgno':1 't00':6",102
693,2020-03-01T00:00:00,DDGNO-4,792,"'-01':5 '-03':4 '-4':2 '00':7,8 '102':9 '2020':3 'ddgno':1 't00':6",102
694,2020-03-01T00:00:00,STLGW-3,2014,"'-01':5 '-03':4 '-3':2 '0':9 '00':7,8 '2020':3 'stlgw':1 't00':6",0
695,2020-03-01T00:00:00,DEUCW-1,805,"'-01':5 '-03':4 '-1':2 '00':7,8 '15':9 '2020':3 'deucw':1 't00':6",15
696,2020-03-01T00:00:00,CAUSW-1,506,"'-01':5 '-03':4 '-1':2 '00':7,8 '2020':3 '48':9 'causw':1 't00':6",48
697,2020-03-01T00:00:00,DNLWW-1,818,"'-01':5 '-03':4 '-1':2 '00':7,8 '2020':3 '30':9 'dnlww':1 't00':6",30
698,2020-03-01T00:00:00,AKGLW-1,103,"'-01':5 '-03':4 '-1':2 '00':7,8 '2020':3 '48':9 'akglw':1 't00':6",48
699,2020-03-01T00:00:00,DOREW-1,831,"'-01':5 '-03':4 '-1':2 '00':7,8 '2020':3 '96':9 'dorew':1 't00':6",96
700,2020-03-01T00:00:00,DOREW-2,844,"'-01':5 '-03':4 '-2':2 '00':7,8 '2020':3 '81':9 'dorew':1 't00':6",81
701,2020-03-01T00:00:00,CAIRW-2,493,"'-01':5 '-03':4 '-2':2 '00':7,8 '2020':3 '42':9 'cairw':1 't00':6",42
702,2020-03-01T00:00:00,DRDGW-1,857,"'-01':5 '-03':4 '-1':2 '00':7,8 '2020':3 '32':9 'drdgw':1 't00':6",32
703,2020-03-01T00:00:00,STPSW-1,2027,"'-01':5 '-03':4 '-1':2 '0':9 '00':7,8 '2020':3 'stpsw':1 't00':6",0
704,2020-03-01T00:00:00,DRSLW-1,870,"'-01':5 '-03':4 '-1':2 '00':7,8 '2020':3 '69':9 'drslw':1 't00':6",69
705,2020-03-01T00:00:00,DUMMW-1,883,"'-01':5 '-03':4 '-1':2 '00':7,8 '10':9 '2020':3 'dummw':1 't00':6",10
706,2020-03-01T00:00:00,CAIRW-1,480,"'-01':5 '-03':4 '-1':2 '00':7,8 '2020':3 '51':9 'cairw':1 't00':6",51
707,2020-03-01T00:00:00,DUNGW-1,896,"'-01':5 '-03':4 '-1':2 '00':7,8 '2020':3 '94':9 'dungw':1 't00':6",94
708,2020-03-01T00:00:00,WLNYO-3,2261,"'-01':5 '-03':4 '-3':2 '00':7,8 '2020':3 '330':9 't00':6 'wlnyo':1",330
709,2020-03-01T00:00:00,EAAO-1,909,"'-01':5 '-03':4 '-1':2 '00':7,8 '2020':3 '256':9 'eaao':1 't00':6",256
710,2020-03-01T00:00:00,EAAO-2,922,"'-01':5 '-03':4 '-2':2 '0':9 '00':7,8 '2020':3 'eaao':1 't00':6",0
711,2020-03-01T00:00:00,BURBW-1,467,"'-01':5 '-03':4 '-1':2 '00':7,8 '2020':3 '90':9 'burbw':1 't00':6",90
712,2020-03-02T00:00:00,HLTWW-1,1378,"'-02':5 '-03':4 '-1':2 '00':7,8 '2020':3 '48':9 'hltww':1 't00':6",48
713,2020-03-02T00:00:00,GAOFO-4,1092,"'-02':5 '-03':4 '-4':2 '00':7,8 '2020':3 '81':9 'gaofo':1 't00':6",81
714,2020-03-02T00:00:00,RCBKO-1,1859,"'-02':5 '-03':4 '-1':2 '00':7,8 '2020':3 '279':9 'rcbko':1 't00':6",279
715,2020-03-02T00:00:00,GAOFO-3,1079,"'-02':5 '-03':4 '-3':2 '00':7,8 '2020':3 '88':9 'gaofo':1 't00':6",88
716,2020-03-02T00:00:00,HLGLW-1,1365,"'-02':5 '-03':4 '-1':2 '00':7,8 '2020':3 '27':9 'hlglw':1 't00':6",27
717,2020-03-02T00:00:00,ABRBO-1,13,"'-02':5 '-03':4 '-1':2 '0':9 '00':7,8 '2020':3 'abrbo':1 't00':6",0
718,2020-03-02T00:00:00,STPSW-1,2028,"'-02':5 '-03':4 '-1':2 '0':9 '00':7,8 '2020':3 'stpsw':1 't00':6",0
719,2020-03-02T00:00:00,RCBKO-2,1872,"'-02':5 '-03':4 '-2':2 '00':7,8 '2020':3 '286':9 'rcbko':1 't00':6",286
720,2020-03-02T00:00:00,HBHDW-1,1352,"'-02':5 '-03':4 '-1':2 '00':7,8 '2020':3 '52':9 'hbhdw':1 't00':6",52
721,2020-03-02T00:00:00,DDGNO-3,780,"'-02':5 '-03':4 '-3':2 '00':7,8 '102':9 '2020':3 'ddgno':1 't00':6",102
722,2020-03-02T00:00:00,ACHYW-1,65,"'-02':5 '-03':4 '-1':2 '00':7,8 '2020':3 '38':9 'achyw':1 't00':6",38
723,2020-03-02T00:00:00,TDBNW-1,2067,"'-02':5 '-03':4 '-1':2 '00':7,8 '2020':3 '28':9 't00':6 'tdbnw':1",28
724,2020-03-02T00:00:00,RMPNO-1,1885,"'-02':5 '-03':4 '-1':2 '00':7,8 '200':9 '2020':3 'rmpno':1 't00':6",200
725,2020-03-02T00:00:00,ARCHW-1,143,"'-02':5 '-03':4 '-1':2 '00':7,8 '114':9 '2020':3 'archw':1 't00':6",114
726,2020-03-02T00:00:00,BLLA-2,325,"'-02':5 '-03':4 '-2':2 '00':7,8 '2020':3 '60':9 'blla':1 't00':6",60
727,2020-03-02T00:00:00,HAWFW-1,1339,"'-02':5 '-03':4 '-1':2 '00':7,8 '15':9 '2020':3 'hawfw':1 't00':6",15
728,2020-03-02T00:00:00,BRDUW-1,416,"'-02':5 '-03':4 '-1':2 '00':7,8 '2020':3 '72':9 'brduw':1 't00':6",72
729,2020-03-02T00:00:00,RMPNO-2,1898,"'-02':5 '-03':4 '-2':2 '00':7,8 '200':9 '2020':3 'rmpno':1 't00':6",200
730,2020-03-02T00:00:00,GAOFO-2,1066,"'-02':5 '-03':4 '-2':2 '00':7,8 '2020':3 '32':9 'gaofo':1 't00':6",32
731,2020-03-02T00:00:00,WLNYO-3,2262,"'-02':5 '-03':4 '-3':2 '00':7,8 '2020':3 '330':9 't00':6 'wlnyo':1",330
732,2020-03-02T00:00:00,TMNCW-1,2119,"'-02':5 '-03':4 '-1':2 '00':7,8 '2020':3 '39':9 't00':6 'tmncw':1",39
733,2020-03-02T00:00:00,DDGNO-4,793,"'-02':5 '-03':4 '-4':2 '00':7,8 '102':9 '2020':3 'ddgno':1 't00':6",102
734,2020-03-02T00:00:00,RREW-1,1911,"'-02':5 '-03':4 '-1':2 '00':7,8 '2020':3 '84':9 'rrew':1 't00':6",84
735,2020-03-02T00:00:00,HADHW-1,1326,"'-02':5 '-03':4 '-1':2 '00':7,8 '2020':3 '99':9 'hadhw':1 't00':6",99
736,2020-03-02T00:00:00,WISTW-2,2236,"'-02':5 '-03':4 '-2':2 '00':7,8 '2020':3 '62':9 't00':6 'wistw':1",62
737,2020-03-02T00:00:00,GYMRO-28,1313,"'-02':5 '-03':4 '-28':2 '00':7,8 '140':9 '2020':3 'gymro':1 't00':6",140
738,2020-03-02T00:00:00,CAUSW-1,507,"'-02':5 '-03':4 '-1':2 '00':7,8 '2020':3 '48':9 'causw':1 't00':6",48
739,2020-03-02T00:00:00,RRWW-1,1924,"'-02':5 '-03':4 '-1':2 '00':7,8 '2020':3 '90':9 'rrww':1 't00':6",90
740,2020-03-02T00:00:00,ANSUW-1,130,"'-02':5 '-03':4 '-1':2 '0':9 '00':7,8 '2020':3 'ansuw':1 't00':6",0
741,2020-03-02T00:00:00,ABRTW-1,26,"'-02':5 '-03':4 '-1':2 '00':7,8 '2020':3 '36':9 'abrtw':1 't00':6",36
742,2020-03-02T00:00:00,BNAKW-1,338,"'-02':5 '-03':4 '-1':2 '00':7,8 '2020':3 '28':9 'bnakw':1 't00':6",28
743,2020-03-02T00:00:00,EAAO-1,910,"'-02':5 '-03':4 '-1':2 '00':7,8 '2020':3 '256':9 'eaao':1 't00':6",256
744,2020-03-02T00:00:00,RSHLW-1,1937,"'-02':5 '-03':4 '-1':2 '00':7,8 '2020':3 '24':9 'rshlw':1 't00':6",24
745,2020-03-02T00:00:00,GAOFO-1,1053,"'-02':5 '-03':4 '-1':2 '00':7,8 '2020':3 '88':9 'gaofo':1 't00':6",88
746,2020-03-02T00:00:00,WTGRW-1,2301,"'-02':5 '-03':4 '-1':2 '0':9 '00':7,8 '2020':3 't00':6 'wtgrw':1",0
747,2020-03-02T00:00:00,GYMRO-26,1300,"'-02':5 '-03':4 '-26':2 '00':7,8 '144':9 '2020':3 'gymro':1 't00':6",144
748,2020-03-02T00:00:00,DUMMW-1,884,"'-02':5 '-03':4 '-1':2 '00':7,8 '10':9 '2020':3 'dummw':1 't00':6",10
749,2020-03-02T00:00:00,SANQW-1,1950,"'-02':5 '-03':4 '-1':2 '00':7,8 '2020':3 '32':9 'sanqw':1 't00':6",32
750,2020-03-02T00:00:00,WLNYO-4,2275,"'-02':5 '-03':4 '-4':2 '00':7,8 '2020':3 '329':9 't00':6 'wlnyo':1",329
751,2020-03-02T00:00:00,GYMRO-17,1287,"'-02':5 '-03':4 '-17':2 '00':7,8 '144':9 '2020':3 'gymro':1 't00':6",144
752,2020-03-02T00:00:00,GYMRO-15,1274,"'-02':5 '-03':4 '-15':2 '00':7,8 '144':9 '2020':3 'gymro':1 't00':6",144
753,2020-03-02T00:00:00,DEUCW-1,806,"'-02':5 '-03':4 '-1':2 '00':7,8 '15':9 '2020':3 'deucw':1 't00':6",15
754,2020-03-02T00:00:00,SHRSO-1,1963,"'-02':5 '-03':4 '-1':2 '00':7,8 '158':9 '2020':3 'shrso':1 't00':6",158
755,2020-03-02T00:00:00,AKGLW-2,117,"'-02':5 '-03':4 '-2':2 '00':7,8 '2020':3 '64':9 'akglw':1 't00':6",64
756,2020-03-02T00:00:00,BURBW-1,468,"'-02':5 '-03':4 '-1':2 '00':7,8 '2020':3 '90':9 'burbw':1 't00':6",90
757,2020-03-02T00:00:00,STLGW-3,2015,"'-02':5 '-03':4 '-3':2 '0':9 '00':7,8 '2020':3 'stlgw':1 't00':6",0
758,2020-03-02T00:00:00,CLDSW-1,585,"'-02':5 '-03':4 '-1':2 '00':7,8 '128':9 '2020':3 'cldsw':1 't00':6",128
759,2020-03-02T00:00:00,TLYMW-1,2106,"'-02':5 '-03':4 '-1':2 '0':9 '00':7,8 '2020':3 't00':6 'tlymw':1",0
760,2020-03-02T00:00:00,BNWKW-1,351,"'-02':5 '-03':4 '-1':2 '00':7,8 '15':9 '2020':3 'bnwkw':1 't00':6",15
761,2020-03-02T00:00:00,GRIFW-2,1261,"'-02':5 '-03':4 '-2':2 '00':7,8 '2020':3 '95':9 'grifw':1 't00':6",95
762,2020-03-02T00:00:00,FSDLW-1,1040,"'-02':5 '-03':4 '-1':2 '00':7,8 '2020':3 '22':9 'fsdlw':1 't00':6",22
763,2020-03-02T00:00:00,CLFLW-1,598,"'-02':5 '-03':4 '-1':2 '00':7,8 '15':9 '2020':3 'clflw':1 't00':6",15
764,2020-03-02T00:00:00,CLDRW-1,572,"'-02':5 '-03':4 '-1':2 '0':9 '00':7,8 '2020':3 'cldrw':1 't00':6",0
765,2020-03-02T00:00:00,EDTRW-1,962,"'-02':5 '-03':4 '-1':2 '00':7,8 '14':9 '2020':3 'edtrw':1 't00':6",14
766,2020-03-02T00:00:00,GRIFW-1,1248,"'-02':5 '-03':4 '-1':2 '00':7,8 '2020':3 '95':9 'grifw':1 't00':6",95
767,2020-03-02T00:00:00,DNLWW-1,819,"'-02':5 '-03':4 '-1':2 '00':7,8 '2020':3 '30':9 'dnlww':1 't00':6",30
768,2020-03-02T00:00:00,CMSTW-1,611,"'-02':5 '-03':4 '-1':2 '00':7,8 '2020':3 '50':9 'cmstw':1 't00':6",50
769,2020-03-02T00:00:00,BRYBW-1,429,"'-02':5 '-03':4 '-1':2 '00':7,8 '2020':3 '67':9 'brybw':1 't00':6",67
770,2020-03-02T00:00:00,SHRSO-2,1976,"'-02':5 '-03':4 '-2':2 '00':7,8 '158':9 '2020':3 'shrso':1 't00':6",158
771,2020-03-02T00:00:00,GRGBW-3,1235,"'-02':5 '-03':4 '-3':2 '00':7,8 '165':9 '2020':3 'grgbw':1 't00':6",165
772,2020-03-02T00:00:00,AIRSW-1,91,"'-02':5 '-03':4 '-1':2 '00':7,8 '2020':3 '35':9 'airsw':1 't00':6",35
773,2020-03-02T00:00:00,CNCLW-1,624,"'-02':5 '-03':4 '-1':2 '00':7,8 '2020':3 '30':9 'cnclw':1 't00':6",30
774,2020-03-02T00:00:00,BOULW-1,364,"'-02':5 '-03':4 '-1':2 '00':7,8 '14':9 '2020':3 'boulw':1 't00':6",14
775,2020-03-02T00:00:00,FRBRW-1,1027,"'-02':5 '-03':4 '-1':2 '0':9 '00':7,8 '2020':3 'frbrw':1 't00':6",0
776,2020-03-02T00:00:00,GRGBW-2,1222,"'-02':5 '-03':4 '-2':2 '00':7,8 '165':9 '2020':3 'grgbw':1 't00':6",165
777,2020-03-02T00:00:00,STRNW-1,2041,"'-02':5 '-03':4 '-1':2 '00':7,8 '2020':3 '67':9 'strnw':1 't00':6",67
778,2020-03-02T00:00:00,COUWW-1,637,"'-02':5 '-03':4 '-1':2 '00':7,8 '2020':3 '21':9 'couww':1 't00':6",21
779,2020-03-02T00:00:00,CLDNW-1,559,"'-02':5 '-03':4 '-1':2 '00':7,8 '187':9 '2020':3 'cldnw':1 't00':6",187
780,2020-03-02T00:00:00,WLNYO-2,2249,"'-02':5 '-03':4 '-2':2 '00':7,8 '183':9 '2020':3 't00':6 'wlnyo':1",183
781,2020-03-02T00:00:00,GRGBW-1,1209,"'-02':5 '-03':4 '-1':2 '00':7,8 '165':9 '2020':3 'grgbw':1 't00':6",165
782,2020-03-02T00:00:00,DOREW-1,832,"'-02':5 '-03':4 '-1':2 '00':7,8 '2020':3 '96':9 'dorew':1 't00':6",96
783,2020-03-02T00:00:00,CRGHW-1,650,"'-02':5 '-03':4 '-1':2 '00':7,8 '2020':3 '46':9 'crghw':1 't00':6",46
784,2020-03-02T00:00:00,CAIRW-2,494,"'-02':5 '-03':4 '-2':2 '00':7,8 '2020':3 '42':9 'cairw':1 't00':6",42
785,2020-03-02T00:00:00,THNTO-2,2093,"'-02':5 '-03':4 '-2':2 '00':7,8 '150':9 '2020':3 't00':6 'thnto':1",150
786,2020-03-02T00:00:00,GORDW-1,1196,"'-02':5 '-03':4 '-1':2 '00':7,8 '2020':3 '70':9 'gordw':1 't00':6",70
787,2020-03-02T00:00:00,FALGW-1,1014,"'-02':5 '-03':4 '-1':2 '00':7,8 '144':9 '2020':3 'falgw':1 't00':6",144
788,2020-03-02T00:00:00,CRMHW-1,663,"'-02':5 '-03':4 '-1':2 '00':7,8 '2020':3 '30':9 'crmhw':1 't00':6",30
789,2020-03-02T00:00:00,BOWLW-1,377,"'-02':5 '-03':4 '-1':2 '00':7,8 '2020':3 '90':9 'bowlw':1 't00':6",90
790,2020-03-02T00:00:00,TANGW-1,2054,"'-02':5 '-03':4 '-1':2 '00':7,8 '16':9 '2020':3 't00':6 'tangw':1",16
791,2020-03-02T00:00:00,GNFSW-2,1183,"'-02':5 '-03':4 '-2':2 '00':7,8 '2020':3 '65':9 'gnfsw':1 't00':6",65
792,2020-03-02T00:00:00,DUNGW-1,897,"'-02':5 '-03':4 '-1':2 '0':9 '00':7,8 '2020':3 'dungw':1 't00':6",0
793,2020-03-02T00:00:00,CRMLW-1,676,"'-02':5 '-03':4 '-1':2 '00':7,8 '2020':3 '48':9 'crmlw':1 't00':6",48
794,2020-03-02T00:00:00,CLDCW-1,546,"'-02':5 '-03':4 '-1':2 '00':7,8 '187':9 '2020':3 'cldcw':1 't00':6",187
795,2020-03-02T00:00:00,STLGW-1,1989,"'-02':5 '-03':4 '-1':2 '0':9 '00':7,8 '2020':3 'stlgw':1 't00':6",0
796,2020-03-02T00:00:00,GNFSW-1,1170,"'-02':5 '-03':4 '-1':2 '00':7,8 '100':9 '2020':3 'gnfsw':1 't00':6",100
797,2020-03-02T00:00:00,DOREW-2,845,"'-02':5 '-03':4 '-2':2 '00':7,8 '2020':3 '81':9 'dorew':1 't00':6",81
798,2020-03-02T00:00:00,CRMNW-1,689,"'-02':5 '-03':4 '-1':2 '00':7,8 '11':9 '2020':3 'crmnw':1 't00':6",11
799,2020-03-02T00:00:00,WLNYW-1,2288,"'-02':5 '-03':4 '-1':2 '00':7,8 '183':9 '2020':3 't00':6 'wlnyw':1",183
800,2020-03-02T00:00:00,BEATO-4,234,"'-02':5 '-03':4 '-4':2 '00':7,8 '168':9 '2020':3 'beato':1 't00':6",168
801,2020-03-02T00:00:00,BTUIW-2,455,"'-02':5 '-03':4 '-2':2 '00':7,8 '2020':3 '44':9 'btuiw':1 't00':6",44
802,2020-03-02T00:00:00,LCLTW-1,1625,"'-02':5 '-03':4 '-1':2 '00':7,8 '2020':3 '69':9 'lcltw':1 't00':6",69
803,2020-03-02T00:00:00,GNAPW-1,1157,"'-02':5 '-03':4 '-1':2 '00':7,8 '2020':3 '22':9 'gnapw':1 't00':6",22
804,2020-03-02T00:00:00,LARYO-4,1612,"'-02':5 '-03':4 '-4':2 '00':7,8 '158':9 '2020':3 'laryo':1 't00':6",158
805,2020-03-02T00:00:00,LARYO-3,1599,"'-02':5 '-03':4 '-3':2 '00':7,8 '158':9 '2020':3 'laryo':1 't00':6",158
806,2020-03-02T00:00:00,AFTOW-1,78,"'-02':5 '-03':4 '-1':2 '00':7,8 '2020':3 '50':9 'aftow':1 't00':6",50
807,2020-03-02T00:00:00,LGPKW-1,1638,"'-02':5 '-03':4 '-1':2 '00':7,8 '2020':3 '38':9 'lgpkw':1 't00':6",38
808,2020-03-02T00:00:00,WDNSO-1,2171,"'-02':5 '-03':4 '-1':2 '00':7,8 '191':9 '2020':3 't00':6 'wdnso':1",191
809,2020-03-02T00:00:00,FAARW-2,1001,"'-02':5 '-03':4 '-2':2 '00':7,8 '2020':3 '35':9 'faarw':1 't00':6",35
810,2020-03-02T00:00:00,LARYO-2,1586,"'-02':5 '-03':4 '-2':2 '00':7,8 '158':9 '2020':3 'laryo':1 't00':6",158
811,2020-03-02T00:00:00,CRYRW-1,702,"'-02':5 '-03':4 '-1':2 '00':7,8 '2020':3 '62':9 'cryrw':1 't00':6",62
812,2020-03-02T00:00:00,LNCSO-1,1651,"'-02':5 '-03':4 '-1':2 '00':7,8 '130':9 '2020':3 'lncso':1 't00':6",130
813,2020-03-02T00:00:00,BEATO-3,221,"'-02':5 '-03':4 '-3':2 '00':7,8 '168':9 '2020':3 'beato':1 't00':6",168
814,2020-03-02T00:00:00,WDNSO-2,2184,"'-02':5 '-03':4 '-2':2 '00':7,8 '191':9 '2020':3 't00':6 'wdnso':1",191
815,2020-03-02T00:00:00,BEINW-1,247,"'-02':5 '-03':4 '-1':2 '00':7,8 '109':9 '2020':3 'beinw':1 't00':6",109
816,2020-03-02T00:00:00,BOYNW-1,390,"'-02':5 '-03':4 '-1':2 '00':7,8 '16':9 '2020':3 'boynw':1 't00':6",16
817,2020-03-02T00:00:00,LNCSO-2,1664,"'-02':5 '-03':4 '-2':2 '00':7,8 '140':9 '2020':3 'lncso':1 't00':6",140
818,2020-03-02T00:00:00,BTUIW-1,442,"'-02':5 '-03':4 '-1':2 '00':7,8 '2020':3 '30':9 'btuiw':1 't00':6",30
819,2020-03-02T00:00:00,LARYO-1,1573,"'-02':5 '-03':4 '-1':2 '00':7,8 '154':9 '2020':3 'laryo':1 't00':6",154
820,2020-03-02T00:00:00,KTHLW-1,1560,"'-02':5 '-03':4 '-1':2 '0':9 '00':7,8 '2020':3 'kthlw':1 't00':6",0
821,2020-03-02T00:00:00,GLWSW-1,1144,"'-02':5 '-03':4 '-1':2 '00':7,8 '2020':3 '55':9 'glwsw':1 't00':6",55
822,2020-03-02T00:00:00,MDHLW-1,1677,"'-02':5 '-03':4 '-1':2 '00':7,8 '2020':3 '76':9 'mdhlw':1 't00':6",76
823,2020-03-02T00:00:00,KPMRW-1,1547,"'-02':5 '-03':4 '-1':2 '00':7,8 '2020':3 '88':9 'kpmrw':1 't00':6",88
824,2020-03-02T00:00:00,EARBW-1,936,"'-02':5 '-03':4 '-1':2 '00':7,8 '2020':3 '35':9 'earbw':1 't00':6",35
825,2020-03-02T00:00:00,ACHRW-1,52,"'-02':5 '-03':4 '-1':2 '00':7,8 '2020':3 '43':9 'achrw':1 't00':6",43
826,2020-03-02T00:00:00,CRYRW-2,715,"'-02':5 '-03':4 '-2':2 '00':7,8 '138':9 '2020':3 'cryrw':1 't00':6",138
827,2020-03-02T00:00:00,MIDMW-1,1690,"'-02':5 '-03':4 '-1':2 '00':7,8 '2020':3 '51':9 'midmw':1 't00':6",51
828,2020-03-02T00:00:00,BEATO-2,208,"'-02':5 '-03':4 '-2':2 '00':7,8 '126':9 '2020':3 'beato':1 't00':6",126
829,2020-03-02T00:00:00,BETHW-1,260,"'-02':5 '-03':4 '-1':2 '00':7,8 '2020':3 '30':9 'bethw':1 't00':6",30
830,2020-03-02T00:00:00,KLGLW-1,1534,"'-02':5 '-03':4 '-1':2 '00':7,8 '2020':3 '228':9 'klglw':1 't00':6",228
831,2020-03-02T00:00:00,CGTHW-1,533,"'-02':5 '-03':4 '-1':2 '00':7,8 '2020':3 '35':9 'cgthw':1 't00':6",35
832,2020-03-02T00:00:00,MILWW-1,1703,"'-02':5 '-03':4 '-1':2 '00':7,8 '2020':3 '65':9 'milww':1 't00':6",65
833,2020-03-02T00:00:00,THNTO-1,2080,"'-02':5 '-03':4 '-1':2 '00':7,8 '150':9 '2020':3 't00':6 'thnto':1",150
834,2020-03-02T00:00:00,GLOFW-1,1131,"'-02':5 '-03':4 '-1':2 '00':7,8 '2020':3 '26':9 'glofw':1 't00':6",26
835,2020-03-02T00:00:00,TULWW-2,2158,"'-02':5 '-03':4 '-2':2 '00':7,8 '2020':3 '25':9 't00':6 'tulww':1",25
836,2020-03-02T00:00:00,DRDGW-1,858,"'-02':5 '-03':4 '-1':2 '00':7,8 '2020':3 '32':9 'drdgw':1 't00':6",32
837,2020-03-02T00:00:00,MINSW-1,1716,"'-02':5 '-03':4 '-1':2 '00':7,8 '2020':3 '37':9 'minsw':1 't00':6",37
838,2020-03-02T00:00:00,KLDMW-1,1521,"'-02':5 '-03':4 '-1':2 '00':7,8 '18':9 '2020':3 'kldmw':1 't00':6",18
839,2020-03-02T00:00:00,WHIHW-1,2197,"'-02':5 '-03':4 '-1':2 '00':7,8 '2020':3 '27':9 't00':6 'whihw':1",27
840,2020-03-02T00:00:00,KINCW-1,1508,"'-02':5 '-03':4 '-1':2 '0':9 '00':7,8 '2020':3 'kincw':1 't00':6",0
841,2020-03-02T00:00:00,CRYRW-3,728,"'-02':5 '-03':4 '-3':2 '00':7,8 '14':9 '2020':3 'cryrw':1 't00':6",14
842,2020-03-02T00:00:00,MKHLW-1,1729,"'-02':5 '-03':4 '-1':2 '00':7,8 '2020':3 '53':9 'mkhlw':1 't00':6",53
843,2020-03-02T00:00:00,BEATO-1,195,"'-02':5 '-03':4 '-1':2 '00':7,8 '126':9 '2020':3 'beato':1 't00':6",126
844,2020-03-02T00:00:00,ACHLW-1,39,"'-02':5 '-03':4 '-1':2 '0':9 '00':7,8 '2020':3 'achlw':1 't00':6",0
845,2020-03-02T00:00:00,BGLAW-1,273,"'-02':5 '-03':4 '-1':2 '00':7,8 '2020':3 '8':9 'bglaw':1 't00':6",8
846,2020-03-02T00:00:00,FAARW-1,988,"'-02':5 '-03':4 '-1':2 '00':7,8 '2020':3 '35':9 'faarw':1 't00':6",35
847,2020-03-02T00:00:00,MOYEW-1,1742,"'-02':5 '-03':4 '-1':2 '00':7,8 '2020':3 '46':9 'moyew':1 't00':6",46
848,2020-03-02T00:00:00,EDINW-1,949,"'-02':5 '-03':4 '-1':2 '00':7,8 '2020':3 '42':9 'edinw':1 't00':6",42
849,2020-03-02T00:00:00,GLCHW-1,1118,"'-02':5 '-03':4 '-1':2 '00':7,8 '2020':3 '25':9 'glchw':1 't00':6",25
850,2020-03-02T00:00:00,KILBW-1,1495,"'-02':5 '-03':4 '-1':2 '00':7,8 '2020':3 '67':9 'kilbw':1 't00':6",67
851,2020-03-02T00:00:00,EWHLW-1,975,"'-02':5 '-03':4 '-1':2 '00':7,8 '2020':3 '35':9 'ewhlw':1 't00':6",35
852,2020-03-02T00:00:00,MYGPW-1,1755,"'-02':5 '-03':4 '-1':2 '00':7,8 '2020':3 '25':9 'mygpw':1 't00':6",25
853,2020-03-02T00:00:00,HYWDW-1,1482,"'-02':5 '-03':4 '-1':2 '00':7,8 '2020':3 '30':9 'hywdw':1 't00':6",30
854,2020-03-02T00:00:00,HRSTW-1,1469,"'-02':5 '-03':4 '-1':2 '00':7,8 '125':9 '2020':3 'hrstw':1 't00':6",125
855,2020-03-02T00:00:00,TULWW-1,2145,"'-02':5 '-03':4 '-1':2 '00':7,8 '17':9 '2020':3 't00':6 'tulww':1",17
856,2020-03-02T00:00:00,DALSW-1,741,"'-02':5 '-03':4 '-1':2 '00':7,8 '2020':3 '30':9 'dalsw':1 't00':6",30
857,2020-03-02T00:00:00,NOVAW-1,1768,"'-02':5 '-03':4 '-1':2 '00':7,8 '17':9 '2020':3 'novaw':1 't00':6",17
858,2020-03-02T00:00:00,BDCHW-1,182,"'-02':5 '-03':4 '-1':2 '00':7,8 '2020':3 '25':9 'bdchw':1 't00':6",25
859,2020-03-02T00:00:00,BRBEO-1,403,"'-02':5 '-03':4 '-1':2 '00':7,8 '2020':3 '252':9 'brbeo':1 't00':6",252
860,2020-03-02T00:00:00,BHLAW-1,286,"'-02':5 '-03':4 '-1':2 '00':7,8 '108':9 '2020':3 'bhlaw':1 't00':6",108
861,2020-03-02T00:00:00,STLGW-2,2002,"'-02':5 '-03':4 '-2':2 '0':9 '00':7,8 '2020':3 'stlgw':1 't00':6",0
862,2020-03-02T00:00:00,NOVAW-2,1781,"'-02':5 '-03':4 '-2':2 '00':7,8 '2020':3 '37':9 'novaw':1 't00':6",37
863,2020-03-02T00:00:00,GDSTW-1,1105,"'-02':5 '-03':4 '-1':2 '00':7,8 '13':9 '2020':3 'gdstw':1 't00':6",13
864,2020-03-02T00:00:00,WHILW-1,2210,"'-02':5 '-03':4 '-1':2 '00':7,8 '2020':3 '305':9 't00':6 'whilw':1",305
865,2020-03-02T00:00:00,HRHLW-1,1456,"'-02':5 '-03':4 '-1':2 '00':7,8 '2020':3 '30':9 'hrhlw':1 't00':6",30
866,2020-03-02T00:00:00,EAAO-2,923,"'-02':5 '-03':4 '-2':2 '0':9 '00':7,8 '2020':3 'eaao':1 't00':6",0
867,2020-03-02T00:00:00,OMNDO-1,1794,"'-02':5 '-03':4 '-1':2 '00':7,8 '150':9 '2020':3 'omndo':1 't00':6",150
868,2020-03-02T00:00:00,HOWAO-3,1443,"'-02':5 '-03':4 '-3':2 '00':7,8 '2020':3 '371':9 'howao':1 't00':6",371
869,2020-03-02T00:00:00,DDGNO-1,754,"'-02':5 '-03':4 '-1':2 '00':7,8 '108':9 '2020':3 'ddgno':1 't00':6",108
870,2020-03-02T00:00:00,HOWAO-2,1430,"'-02':5 '-03':4 '-2':2 '00':7,8 '2020':3 '400':9 'howao':1 't00':6",400
871,2020-03-02T00:00:00,CDWTW-1,520,"'-02':5 '-03':4 '-1':2 '00':7,8 '2020':3 '32':9 'cdwtw':1 't00':6",32
872,2020-03-02T00:00:00,PAUHW-1,1807,"'-02':5 '-03':4 '-1':2 '00':7,8 '2020':3 '65':9 'pauhw':1 't00':6",65
873,2020-03-02T00:00:00,BABAW-1,169,"'-02':5 '-03':4 '-1':2 '00':7,8 '2020':3 '53':9 'babaw':1 't00':6",53
874,2020-03-02T00:00:00,BLKWW-1,299,"'-02':5 '-03':4 '-1':2 '00':7,8 '2020':3 '53':9 'blkww':1 't00':6",53
875,2020-03-02T00:00:00,HOWAO-1,1417,"'-02':5 '-03':4 '-1':2 '00':7,8 '2020':3 '400':9 'howao':1 't00':6",400
876,2020-03-02T00:00:00,AKGLW-1,104,"'-02':5 '-03':4 '-1':2 '00':7,8 '2020':3 '48':9 'akglw':1 't00':6",48
877,2020-03-02T00:00:00,PGBIW-1,1820,"'-02':5 '-03':4 '-1':2 '0':9 '00':7,8 '2020':3 'pgbiw':1 't00':6",0
878,2020-03-02T00:00:00,WTMSO-1,2314,"'-02':5 '-03':4 '-1':2 '00':7,8 '2020':3 '206':9 't00':6 'wtmso':1",206
879,2020-03-02T00:00:00,HMGTO-2,1404,"'-02':5 '-03':4 '-2':2 '00':7,8 '111':9 '2020':3 'hmgto':1 't00':6",111
880,2020-03-02T00:00:00,TMWLW-1,2132,"'-02':5 '-03':4 '-1':2 '00':7,8 '16':9 '2020':3 't00':6 'tmwlw':1",16
881,2020-03-02T00:00:00,DRSLW-1,871,"'-02':5 '-03':4 '-1':2 '00':7,8 '2020':3 '69':9 'drslw':1 't00':6",69
882,2020-03-02T00:00:00,PNYCW-1,1833,"'-02':5 '-03':4 '-1':2 '00':7,8 '2020':3 '228':9 'pnycw':1 't00':6",228
883,2020-03-02T00:00:00,HMGTO-1,1391,"'-02':5 '-03':4 '-1':2 '00':7,8 '108':9 '2020':3 'hmgto':1 't00':6",108
884,2020-03-02T00:00:00,DDGNO-2,767,"'-02':5 '-03':4 '-2':2 '00':7,8 '2020':3 '90':9 'ddgno':1 't00':6",90
885,2020-03-02T00:00:00,BLLA-1,312,"'-02':5 '-03':4 '-1':2 '00':7,8 '118':9 '2020':3 'blla':1 't00':6",118
886,2020-03-02T00:00:00,CAIRW-1,481,"'-02':5 '-03':4 '-1':2 '00':7,8 '2020':3 '51':9 'cairw':1 't00':6",51
887,2020-03-02T00:00:00,PTLDW-1,1846,"'-02':5 '-03':4 '-1':2 '00':7,8 '13':9 '2020':3 'ptldw':1 't00':6",13
888,2020-03-02T00:00:00,ASHWW-1,156,"'-02':5 '-03':4 '-1':2 '00':7,8 '2020':3 '35':9 'ashww':1 't00':6",35
889,2020-03-02T00:00:00,WHILW-2,2223,"'-02':5 '-03':4 '-2':2 '00':7,8 '2020':3 '206':9 't00':6 'whilw':1",206
